,종목코드,종목명,PER,동일업종PER,추정PER,PBR,ROE,배당수익률,PER10이하주,PBR1이하주,ROE12이상주,동일업종대비PER하위주,PER대비추정PER하위주,배당수익률2이상주,2346만족,12346만족,123456만족
0,095570,AJ네트웍스,4.16 ,10.83 ,,0.84 ,0.20 ,3.96 ,1 ,1 ,1 ,1 ,0 ,1 ,1 ,1 ,0 
1,006840,AK홀딩스,,8.54 ,,0.43 ,,1.02 ,0 ,1 ,0 ,0 ,0 ,0 ,0 ,0 ,0 
2,027410,BGF,7.45 ,6.23 ,,0.31 ,0.04 ,2.16 ,1 ,1 ,0 ,0 ,0 ,1 ,0 ,0 ,0 
3,282330,BGF리테일,21.95 ,6.23 ,17.00 ,4.00 ,0.18 ,1.60 ,0 ,0 ,1 ,0 ,1 ,0 ,0 ,0 ,0 
4,138930,BNK금융지주,3.18 ,5.29 ,3.00 ,0.27 ,0.08 ,7.25 ,1 ,1 ,0 ,1 ,1 ,1 ,0 ,0 ,0 
5,001460,BYC,12.28 ,5.70 ,,0.76 ,0.06 ,0.34 ,0 ,1 ,0 ,0 ,0 ,0 ,0 ,0 ,0 
6,001040,CJ,10.83 ,7.92 ,8.00 ,0.55 ,0.05 ,2.75 ,0 ,1 ,0 ,0 ,1 ,1 ,0 ,0 ,0 
7,079160,CJ CGV,,46.81 ,-10.00 ,4.77 ,,,0 ,0 ,0 ,0 ,0 ,0 ,0 ,0 ,0 
8,000120,CJ대한통운,55.21 ,10.81 ,17.00 ,0.74 ,0.01 ,,0 ,1 ,0 ,0 ,1 ,0 ,0 ,0 ,0 
9,011150,CJ씨푸드,66.15 ,11.99 ,,2.17 ,0.03 ,,0 ,0 ,0 ,0 ,0 ,0 ,0 ,0 ,0 
10,097950,CJ제일제당,10.83 ,11.99 ,9.00 ,1.06 ,0.10 ,1.24 ,0 ,0 ,0 ,1 ,1 ,0 ,0 ,0 ,0 
11,000590,CS홀딩스,5.07 ,4.14 ,,0.28 ,0.06 ,0.78 ,1 ,1 ,0 ,0 ,0 ,0 ,0 ,0 ,0 
12,012030,DB,9.06 ,31.23 ,,0.43 ,0.05 ,,1 ,1 ,0 ,1 ,0 ,0 ,0 ,0 ,0 
13,016610,DB금융투자,2.16 ,3.30 ,,0.27 ,0.12 ,8.38 ,1 ,1 ,1 ,1 ,0 ,1 ,1 ,1 ,0 
14,005830,DB손해보험,5.21 ,6.72 ,6.00 ,0.58 ,0.11 ,5.47 ,1 ,1 ,0 ,1 ,0 ,1 ,0 ,0 ,0 
15,000990,DB하이텍,7.69 ,10.30 ,6.00 ,2.58 ,0.34 ,0.61 ,1 ,0 ,1 ,1 ,1 ,0 ,0 ,0 ,0 
16,139130,DGB금융지주,2.93 ,5.29 ,3.00 ,0.27 ,0.09 ,7.22 ,1 ,1 ,0 ,1 ,0 ,1 ,0 ,0 ,0 
17,001530,DI동일,15.12 ,5.70 ,,0.85 ,0.06 ,0.79 ,0 ,1 ,0 ,0 ,0 ,0 ,0 ,0 ,0 
18,000210,DL,1.51 ,8.48 ,4.00 ,0.36 ,0.24 ,3.03 ,1 ,1 ,1 ,1 ,0 ,1 ,1 ,1 ,0 
19,001880,DL건설,3.15 ,7.37 ,5.00 ,0.58 ,0.18 ,3.16 ,1 ,1 ,1 ,1 ,0 ,1 ,1 ,1 ,0 
20,375500,DL이앤씨,3.71 ,7.37 ,4.00 ,0.52 ,0.14 ,2.69 ,1 ,1 ,1 ,1 ,0 ,1 ,1 ,1 ,0 
21,004840,DRB동일,,12.87 ,,0.31 ,,0.51 ,0 ,1 ,0 ,0 ,0 ,0 ,0 ,0 ,0 
22,155660,DSR,7.09 ,9.58 ,,0.61 ,0.09 ,0.71 ,1 ,1 ,0 ,1 ,0 ,0 ,0 ,0 ,0 
23,069730,DSR제강,6.19 ,4.12 ,,0.56 ,0.09 ,0.63 ,1 ,1 ,0 ,0 ,0 ,0 ,0 ,0 ,0 
24,017940,E1,2.60 ,6.35 ,,0.22 ,0.08 ,4.40 ,1 ,1 ,0 ,1 ,0 ,1 ,0 ,0 ,0 
25,365550,ESR켄달스퀘어리츠,,,,,,,0 ,0 ,0 ,0 ,0 ,0 ,0 ,0 ,0 
26,383220,F&F,15.45 ,5.70 ,13.00 ,9.82 ,0.64 ,0.78 ,0 ,0 ,1 ,0 ,1 ,0 ,0 ,0 ,0 
27,007700,F&F홀딩스,0.28 ,5.70 ,,0.50 ,1.79 ,0.68 ,1 ,1 ,1 ,1 ,0 ,0 ,0 ,0 ,0 
28,114090,GKL,,-56.47 ,-31.00 ,2.31 ,,,0 ,0 ,0 ,0 ,0 ,0 ,0 ,0 ,0 
29,078930,GS,3.01 ,13.02 ,2.00 ,0.42 ,0.14 ,4.34 ,1 ,1 ,1 ,1 ,1 ,1 ,1 ,1 ,1 
30,006360,GS건설,8.01 ,7.37 ,6.00 ,0.70 ,0.09 ,3.38 ,1 ,1 ,0 ,0 ,1 ,1 ,0 ,0 ,0 
31,001250,GS글로벌,10.33 ,6.59 ,,0.97 ,0.09 ,,0 ,1 ,0 ,0 ,0 ,0 ,0 ,0 ,0 
32,007070,GS리테일,2.92 ,6.21 ,11.00 ,0.66 ,0.23 ,4.59 ,1 ,1 ,1 ,1 ,0 ,1 ,1 ,1 ,0 
33,012630,HDC,3.78 ,7.37 ,,0.16 ,0.04 ,3.49 ,1 ,1 ,0 ,1 ,0 ,1 ,0 ,0 ,0 
34,039570,HDC랩스,17.91 ,7.37 ,,0.85 ,0.05 ,4.77 ,0 ,1 ,0 ,0 ,0 ,1 ,0 ,0 ,0 
35,089470,HDC현대EP,14.22 ,12.87 ,,0.44 ,0.03 ,3.06 ,0 ,1 ,0 ,0 ,0 ,1 ,0 ,0 ,0 
36,294870,HDC현대산업개발,5.17 ,7.37 ,,0.32 ,0.06 ,4.33 ,1 ,1 ,0 ,1 ,0 ,1 ,0 ,0 ,0 
37,267250,HD현대,,13.02 ,6.00 ,0.69 ,,9.02 ,0 ,1 ,0 ,0 ,0 ,1 ,0 ,0 ,0 
38,097230,HJ중공업,,7.37 ,,1.46 ,,,0 ,0 ,0 ,0 ,0 ,0 ,0 ,0 ,0 
39,003580,HLB글로벌,,11.99 ,,3.80 ,,,0 ,0 ,0 ,0 ,0 ,0 ,0 ,0 ,0 
40,011200,HMM,1.52 ,3.33 ,1.00 ,1.08 ,0.71 ,2.03 ,1 ,0 ,1 ,1 ,1 ,1 ,0 ,0 ,0 
41,082740,HSD엔진,,-6.79 ,-77.00 ,2.63 ,,,0 ,0 ,0 ,0 ,0 ,0 ,0 ,0 ,0 
42,003560,IHQ,,46.81 ,,1.29 ,,,0 ,0 ,0 ,0 ,0 ,0 ,0 ,0 ,0 
43,175330,JB금융지주,3.44 ,5.29 ,3.00 ,0.41 ,0.12 ,6.77 ,1 ,1 ,1 ,1 ,1 ,1 ,1 ,1 ,1 
44,234080,JW생명과학,18.67 ,80.19 ,,1.67 ,0.09 ,3.61 ,0 ,0 ,0 ,1 ,0 ,1 ,0 ,0 ,0 
45,001060,JW중외제약,,81.13 ,,2.84 ,,1.28 ,0 ,0 ,0 ,0 ,0 ,0 ,0 ,0 ,0 
46,096760,JW홀딩스,,81.13 ,,2.87 ,,2.24 ,0 ,0 ,0 ,0 ,0 ,1 ,0 ,0 ,0 
47,105560,KB금융,5.48 ,5.29 ,5.00 ,0.48 ,0.09 ,5.06 ,1 ,1 ,0 ,0 ,1 ,1 ,0 ,0 ,0 
48,002380,KCC,,22.33 ,,0.52 ,,2.03 ,0 ,1 ,0 ,0 ,0 ,1 ,0 ,0 ,0 
49,344820,KCC글라스,8.02 ,22.32 ,,0.68 ,0.08 ,4.07 ,1 ,1 ,0 ,1 ,0 ,1 ,0 ,0 ,0 
50,009070,KCTC,9.19 ,10.81 ,,0.84 ,0.09 ,0.96 ,1 ,1 ,0 ,1 ,0 ,0 ,0 ,0 ,0 
51,009440,KC그린홀딩스,37.73 ,18.96 ,,0.63 ,0.02 ,1.53 ,0 ,1 ,0 ,0 ,0 ,0 ,0 ,0 ,0 
52,119650,KC코트렐,7.19 ,18.96 ,,1.91 ,0.27 ,,1 ,0 ,1 ,1 ,0 ,0 ,0 ,0 ,0 
53,092220,KEC,40.50 ,10.36 ,,1.72 ,0.04 ,,0 ,0 ,0 ,0 ,0 ,0 ,0 ,0 ,0 
54,016380,KG스틸,9.04 ,4.14 ,,1.50 ,0.17 ,0.58 ,1 ,0 ,1 ,0 ,0 ,0 ,0 ,0 ,0 
55,001390,KG케미칼,6.35 ,28.73 ,,1.00 ,0.16 ,1.46 ,1 ,1 ,1 ,1 ,0 ,0 ,0 ,0 ,0 
56,033180,KH 필룩스,,77.14 ,,0.65 ,,,0 ,1 ,0 ,0 ,0 ,0 ,0 ,0 ,0 
57,001940,KISCO홀딩스,2.83 ,4.12 ,,0.25 ,0.09 ,2.30 ,1 ,1 ,0 ,1 ,0 ,1 ,0 ,0 ,0 
58,025000,KPX케미칼,5.21 ,8.48 ,,0.43 ,0.08 ,5.31 ,1 ,1 ,0 ,1 ,0 ,1 ,0 ,0 ,0 
59,092230,KPX홀딩스,5.66 ,8.54 ,,0.30 ,0.05 ,4.85 ,1 ,1 ,0 ,1 ,0 ,1 ,0 ,0 ,0 
60,000040,KR모터스,,7.79 ,,2.03 ,,,0 ,0 ,0 ,0 ,0 ,0 ,0 ,0 ,0 
61,044450,KSS해운,4.82 ,3.33 ,,0.76 ,0.16 ,3.00 ,1 ,1 ,1 ,0 ,0 ,1 ,0 ,0 ,0 
62,030200,KT,6.95 ,7.38 ,7.00 ,0.57 ,0.08 ,5.29 ,1 ,1 ,0 ,1 ,0 ,1 ,0 ,0 ,0 
63,033780,KT&G,11.79 ,11.93 ,11.00 ,1.10 ,0.09 ,5.72 ,0 ,0 ,0 ,1 ,1 ,1 ,0 ,0 ,0 
64,058850,KTcs,5.52 ,16.35 ,,0.54 ,0.10 ,4.25 ,1 ,1 ,0 ,1 ,0 ,1 ,0 ,0 ,0 
65,058860,KTis,3.86 ,16.35 ,,0.47 ,0.12 ,3.62 ,1 ,1 ,1 ,1 ,0 ,1 ,1 ,1 ,0 
66,093050,LF,5.02 ,5.70 ,,0.43 ,0.09 ,2.95 ,1 ,1 ,0 ,1 ,0 ,1 ,0 ,0 ,0 
67,003550,LG,4.86 ,7.92 ,5.00 ,0.57 ,0.12 ,3.71 ,1 ,1 ,1 ,1 ,0 ,1 ,1 ,1 ,0 
68,034220,LG디스플레이,5.19 ,5.04 ,12.00 ,0.47 ,0.09 ,3.78 ,1 ,1 ,0 ,0 ,0 ,1 ,0 ,0 ,0 
69,051900,LG생활건강,14.27 ,28.77 ,21.00 ,2.11 ,0.15 ,1.76 ,0 ,0 ,1 ,1 ,0 ,0 ,0 ,0 ,0 
70,373220,LG에너지솔루션,103.84 ,75.58 ,105.00 ,10.33 ,0.10 ,,0 ,0 ,0 ,0 ,0 ,0 ,0 ,0 ,0 
71,032640,LG유플러스,8.06 ,5.95 ,8.00 ,0.74 ,0.09 ,4.18 ,1 ,1 ,0 ,0 ,1 ,1 ,0 ,0 ,0 
72,011070,LG이노텍,9.37 ,19.97 ,8.00 ,2.51 ,0.27 ,0.85 ,1 ,0 ,1 ,1 ,1 ,0 ,0 ,0 ,0 
73,066570,LG전자,18.76 ,17.94 ,6.00 ,1.12 ,0.06 ,0.79 ,0 ,0 ,0 ,0 ,1 ,0 ,0 ,0 ,0 
74,037560,LG헬로비전,19.66 ,46.81 ,17.00 ,0.81 ,0.04 ,1.61 ,0 ,1 ,0 ,1 ,1 ,0 ,0 ,0 ,0 
75,051910,LG화학,10.96 ,8.48 ,16.00 ,1.85 ,0.17 ,2.34 ,0 ,0 ,1 ,0 ,0 ,1 ,0 ,0 ,0 
76,079550,LIG넥스원,12.88 ,31.16 ,12.00 ,2.08 ,0.16 ,1.62 ,0 ,0 ,1 ,1 ,1 ,0 ,0 ,0 ,0 
77,006260,LS,6.94 ,20.95 ,6.00 ,0.47 ,0.07 ,2.42 ,1 ,1 ,0 ,1 ,1 ,1 ,0 ,0 ,0 
78,010120,LS ELECTRIC,17.12 ,20.95 ,10.00 ,0.96 ,0.06 ,2.07 ,0 ,1 ,0 ,1 ,1 ,1 ,0 ,0 ,0 
79,000680,LS네트웍스,4.60 ,5.70 ,,0.47 ,0.10 ,,1 ,1 ,0 ,1 ,0 ,0 ,0 ,0 ,0 
80,229640,LS전선아시아,16.18 ,20.95 ,,1.52 ,0.09 ,3.10 ,0 ,0 ,0 ,1 ,0 ,1 ,0 ,0 ,0 
81,001120,LX인터내셔널,4.21 ,6.59 ,3.00 ,0.77 ,0.18 ,6.05 ,1 ,1 ,1 ,1 ,1 ,1 ,1 ,1 ,1 
82,108670,LX하우시스,38.96 ,22.32 ,,0.59 ,0.02 ,0.59 ,0 ,1 ,0 ,0 ,0 ,0 ,0 ,0 ,0 
83,383800,LX홀딩스,3.54 ,7.92 ,,0.54 ,0.15 ,,1 ,1 ,1 ,1 ,0 ,0 ,0 ,0 ,0 
84,023150,MH에탄올,13.44 ,20.57 ,,1.12 ,0.08 ,3.27 ,0 ,0 ,0 ,1 ,0 ,1 ,0 ,0 ,0 
85,035420,NAVER,33.56 ,4.63 ,31.00 ,1.79 ,0.05 ,0.19 ,0 ,0 ,0 ,0 ,1 ,0 ,0 ,0 ,0 
86,181710,NHN,9.68 ,31.23 ,20.00 ,0.59 ,0.06 ,,1 ,1 ,0 ,1 ,0 ,0 ,0 ,0 ,0 
87,400760,NH올원리츠,,,,,,,0 ,0 ,0 ,0 ,0 ,0 ,0 ,0 ,0 
88,005940,NH투자증권,3.33 ,3.30 ,6.00 ,0.47 ,0.14 ,10.29 ,1 ,1 ,1 ,0 ,0 ,1 ,0 ,0 ,0 
89,338100,NH프라임리츠,,,,,,,0 ,0 ,0 ,0 ,0 ,0 ,0 ,0 ,0 
90,034310,NICE,10.13 ,16.35 ,,0.78 ,0.08 ,2.41 ,0 ,1 ,0 ,1 ,0 ,1 ,0 ,0 ,0 
91,008260,NI스틸,7.30 ,4.14 ,,1.14 ,0.16 ,1.33 ,1 ,0 ,1 ,0 ,0 ,0 ,0 ,0 ,0 
92,004250,NPC,16.37 ,10.92 ,,1.33 ,0.08 ,0.98 ,0 ,0 ,0 ,0 ,0 ,0 ,0 ,0 ,0 
93,010060,OCI,3.49 ,8.48 ,4.00 ,0.82 ,0.23 ,1.84 ,1 ,1 ,1 ,1 ,0 ,0 ,0 ,0 ,0 
94,178920,PI첨단소재,20.40 ,8.54 ,19.00 ,4.01 ,0.20 ,2.45 ,0 ,0 ,1 ,0 ,1 ,1 ,0 ,0 ,0 
95,005490,POSCO홀딩스,3.80 ,4.12 ,5.00 ,0.43 ,0.11 ,5.89 ,1 ,1 ,0 ,1 ,0 ,1 ,0 ,0 ,0 
96,010950,S-Oil,9.26 ,13.02 ,6.00 ,1.82 ,0.20 ,3.47 ,1 ,0 ,1 ,1 ,1 ,1 ,0 ,0 ,0 
97,034120,SBS,6.05 ,47.07 ,6.00 ,1.32 ,0.22 ,1.97 ,1 ,0 ,1 ,1 ,1 ,0 ,0 ,0 ,0 
98,005090,SGC에너지,11.67 ,28.73 ,4.00 ,1.14 ,0.10 ,3.15 ,0 ,0 ,0 ,1 ,1 ,1 ,0 ,0 ,0 
99,001380,SG글로벌,,12.77 ,,0.64 ,,,0 ,1 ,0 ,0 ,0 ,0 ,0 ,0 ,0 
100,004060,SG세계물산,3.07 ,5.70 ,,0.59 ,0.19 ,,1 ,1 ,1 ,1 ,0 ,0 ,0 ,0 ,0 
101,001770,SHD,6.73 ,4.14 ,,0.96 ,0.14 ,0.31 ,1 ,1 ,1 ,0 ,0 ,0 ,0 ,0 ,0 
102,002360,SH에너지화학,205.00 ,8.48 ,,1.47 ,0.01 ,0.81 ,0 ,0 ,0 ,0 ,0 ,0 ,0 ,0 ,0 
103,009160,SIMPAC,5.85 ,18.82 ,,0.83 ,0.14 ,2.46 ,1 ,1 ,1 ,1 ,0 ,1 ,1 ,1 ,0 
104,123700,SJM,9.25 ,12.87 ,,0.37 ,0.04 ,3.56 ,1 ,1 ,0 ,1 ,0 ,1 ,0 ,0 ,0 
105,025530,SJM홀딩스,13.40 ,12.87 ,,0.34 ,0.03 ,4.58 ,0 ,1 ,0 ,0 ,0 ,1 ,0 ,0 ,0 
106,034730,SK,8.93 ,7.92 ,7.00 ,0.66 ,0.07 ,3.24 ,1 ,1 ,0 ,0 ,1 ,1 ,0 ,0 ,0 
107,011790,SKC,25.38 ,8.54 ,25.00 ,2.65 ,0.10 ,0.74 ,0 ,0 ,0 ,0 ,1 ,0 ,0 ,0 ,0 
108,018670,SK가스,4.91 ,6.35 ,6.00 ,0.56 ,0.11 ,3.85 ,1 ,1 ,0 ,1 ,0 ,1 ,0 ,0 ,0 
109,001740,SK네트웍스,11.83 ,7.98 ,15.00 ,0.47 ,0.04 ,2.56 ,0 ,1 ,0 ,0 ,0 ,1 ,0 ,0 ,0 
110,006120,SK디스커버리,3.86 ,13.02 ,,0.33 ,0.09 ,3.72 ,1 ,1 ,0 ,1 ,0 ,1 ,0 ,0 ,0 
111,210980,SK디앤디,5.23 ,12.62 ,8.00 ,1.09 ,0.21 ,2.78 ,1 ,0 ,1 ,1 ,0 ,1 ,0 ,0 ,0 
112,068400,SK렌터카,23.22 ,10.83 ,,0.95 ,0.04 ,,0 ,1 ,0 ,0 ,0 ,0 ,0 ,0 ,0 
113,395400,SK리츠,,,,,,,0 ,0 ,0 ,0 ,0 ,0 ,0 ,0 ,0 
114,302440,SK바이오사이언스,25.99 ,80.19 ,22.00 ,6.00 ,0.23 ,,0 ,0 ,1 ,1 ,1 ,0 ,0 ,0 ,0 
115,326030,SK바이오팜,105.92 ,81.13 ,-78.00 ,15.46 ,0.15 ,,0 ,0 ,1 ,0 ,1 ,0 ,0 ,0 ,0 
116,402340,SK스퀘어,2.78 ,10.36 ,,0.38 ,0.14 ,,1 ,1 ,1 ,1 ,0 ,0 ,0 ,0 ,0 
117,361610,SK아이이테크놀로지,86.15 ,75.58 ,103.00 ,3.86 ,0.04 ,,0 ,0 ,0 ,0 ,0 ,0 ,0 ,0 ,0 
118,096770,SK이노베이션,13.22 ,13.02 ,9.00 ,0.95 ,0.07 ,,0 ,1 ,0 ,0 ,1 ,0 ,0 ,0 ,0 
119,001510,SK증권,9.79 ,3.30 ,,0.57 ,0.06 ,1.83 ,1 ,1 ,0 ,0 ,0 ,0 ,0 ,0 ,0 
120,285130,SK케미칼,14.96 ,8.54 ,,1.21 ,0.08 ,2.35 ,0 ,0 ,0 ,0 ,0 ,1 ,0 ,0 ,0 
121,017670,SK텔레콤,8.79 ,5.95 ,12.00 ,1.12 ,0.13 ,4.50 ,1 ,0 ,1 ,0 ,0 ,1 ,0 ,0 ,0 
122,000660,SK하이닉스,8.64 ,10.30 ,7.00 ,1.26 ,0.15 ,1.35 ,1 ,0 ,1 ,1 ,1 ,0 ,0 ,0 ,0 
123,064960,SNT모티브,8.63 ,12.77 ,7.00 ,0.71 ,0.08 ,3.61 ,1 ,1 ,0 ,1 ,1 ,1 ,0 ,0 ,0 
124,100840,SNT에너지,41.45 ,18.82 ,,0.52 ,0.01 ,4.18 ,0 ,1 ,0 ,0 ,0 ,1 ,0 ,0 ,0 
125,003570,SNT중공업,31.28 ,12.77 ,,0.31 ,0.01 ,4.43 ,0 ,1 ,0 ,0 ,0 ,1 ,0 ,0 ,0 
126,036530,SNT홀딩스,6.95 ,12.77 ,,0.26 ,0.04 ,4.09 ,1 ,1 ,0 ,1 ,0 ,1 ,0 ,0 ,0 
127,005610,SPC삼립,17.09 ,11.99 ,13.00 ,1.94 ,0.11 ,1.87 ,0 ,0 ,0 ,0 ,1 ,0 ,0 ,0 ,0 
128,011810,STX,,6.59 ,,1.67 ,,,0 ,0 ,0 ,0 ,0 ,0 ,0 ,0 ,0 
129,077970,STX엔진,351.39 ,-6.80 ,,1.23 ,0.00 ,,0 ,0 ,0 ,0 ,0 ,0 ,0 ,0 ,0 
130,071970,STX중공업,,-6.80 ,,0.85 ,,,0 ,1 ,0 ,0 ,0 ,0 ,0 ,0 ,0 
131,002820,SUN&L,,28.27 ,,0.39 ,,1.44 ,0 ,1 ,0 ,0 ,0 ,0 ,0 ,0 ,0 
132,084870,TBH글로벌,,5.70 ,,0.78 ,,,0 ,1 ,0 ,0 ,0 ,0 ,0 ,0 ,0 
133,002710,TCC스틸,9.62 ,4.14 ,,1.81 ,0.19 ,1.27 ,1 ,0 ,1 ,0 ,0 ,0 ,0 ,0 ,0 
134,069260,TKG휴켐스,13.29 ,8.54 ,,1.35 ,0.10 ,4.07 ,0 ,0 ,0 ,0 ,0 ,1 ,0 ,0 ,0 
135,002900,TYM,17.83 ,18.96 ,,1.97 ,0.11 ,0.59 ,0 ,0 ,0 ,1 ,0 ,0 ,0 ,0 ,0 
136,024070,WISCOM,43.35 ,8.54 ,,0.44 ,0.01 ,1.46 ,0 ,1 ,0 ,0 ,0 ,0 ,0 ,0 ,0 
137,037270,YG PLUS,19.83 ,46.81 ,,3.24 ,0.16 ,,0 ,0 ,1 ,1 ,0 ,0 ,0 ,0 ,0 
138,000500,가온전선,19.33 ,20.95 ,,0.40 ,0.02 ,1.54 ,0 ,1 ,0 ,1 ,0 ,0 ,0 ,0 ,0 
139,000860,강남제비스코,3.53 ,22.33 ,,0.27 ,0.08 ,2.04 ,1 ,1 ,0 ,1 ,0 ,1 ,0 ,0 ,0 
140,035250,강원랜드,,-56.47 ,24.00 ,1.68 ,,,0 ,0 ,0 ,0 ,0 ,0 ,0 ,0 ,0 
141,011420,갤럭시아에스엠,16.42 ,47.07 ,,1.83 ,0.11 ,,0 ,0 ,0 ,1 ,0 ,0 ,0 ,0 ,0 
142,002100,경농,17.37 ,8.54 ,,1.15 ,0.07 ,2.56 ,0 ,0 ,0 ,0 ,0 ,1 ,0 ,0 ,0 
143,009450,경동나비엔,8.44 ,10.92 ,,1.58 ,0.19 ,0.92 ,1 ,0 ,1 ,1 ,0 ,0 ,0 ,0 ,0 
144,267290,경동도시가스,6.82 ,6.35 ,,0.40 ,0.06 ,3.42 ,1 ,1 ,0 ,0 ,0 ,1 ,0 ,0 ,0 
145,012320,경동인베스트,6.02 ,13.02 ,,0.19 ,0.03 ,2.01 ,1 ,1 ,0 ,1 ,0 ,1 ,0 ,0 ,0 
146,000050,경방,13.68 ,4.79 ,,0.50 ,0.04 ,0.82 ,0 ,1 ,0 ,0 ,0 ,0 ,0 ,0 ,0 
147,214390,경보제약,,81.13 ,,1.31 ,,0.62 ,0 ,0 ,0 ,0 ,0 ,0 ,0 ,0 ,0 
148,012610,경인양행,11.73 ,8.54 ,,1.24 ,0.11 ,0.73 ,0 ,0 ,0 ,0 ,0 ,0 ,0 ,0 ,0 
149,009140,경인전자,15.36 ,17.94 ,,0.57 ,0.04 ,0.91 ,0 ,1 ,0 ,1 ,0 ,0 ,0 ,0 ,0 
150,013580,계룡건설,1.85 ,7.37 ,,0.41 ,0.22 ,2.47 ,1 ,1 ,1 ,1 ,0 ,1 ,1 ,1 ,0 
151,012200,계양전기,,12.87 ,,0.67 ,,0.98 ,0 ,1 ,0 ,0 ,0 ,0 ,0 ,0 ,0 
152,002140,고려산업,36.13 ,11.99 ,,1.51 ,0.04 ,0.61 ,0 ,0 ,0 ,0 ,0 ,0 ,0 ,0 ,0 
153,010130,고려아연,13.00 ,9.58 ,12.00 ,1.29 ,0.10 ,3.60 ,0 ,0 ,0 ,0 ,1 ,1 ,0 ,0 ,0 
154,002240,고려제강,4.34 ,4.12 ,,0.39 ,0.09 ,1.13 ,1 ,1 ,0 ,0 ,0 ,0 ,0 ,0 ,0 
155,009290,광동제약,14.96 ,81.13 ,,0.56 ,0.04 ,1.46 ,0 ,1 ,0 ,1 ,0 ,0 ,0 ,0 ,0 
156,017040,광명전기,28.51 ,20.84 ,,1.54 ,0.05 ,0.26 ,0 ,0 ,0 ,0 ,0 ,0 ,0 ,0 ,0 
157,017900,광전자,12.27 ,19.80 ,,0.65 ,0.05 ,1.84 ,0 ,1 ,0 ,1 ,0 ,0 ,0 ,0 ,0 
158,037710,광주신세계,5.61 ,6.21 ,,0.39 ,0.07 ,4.63 ,1 ,1 ,0 ,1 ,0 ,1 ,0 ,0 ,0 
159,030610,교보증권,3.29 ,3.30 ,,0.33 ,0.10 ,6.85 ,1 ,1 ,0 ,1 ,0 ,1 ,0 ,0 ,0 
160,339770,교촌에프앤비,12.85 ,11.99 ,,2.06 ,0.16 ,2.03 ,0 ,0 ,1 ,0 ,0 ,1 ,0 ,0 ,0 
161,007690,국도화학,2.57 ,8.48 ,,0.55 ,0.21 ,4.20 ,1 ,1 ,1 ,1 ,0 ,1 ,1 ,1 ,0 
162,005320,국동,,4.79 ,,1.11 ,,,0 ,0 ,0 ,0 ,0 ,0 ,0 ,0 ,0 
163,001140,국보,,10.81 ,,2.52 ,,,0 ,0 ,0 ,0 ,0 ,0 ,0 ,0 ,0 
164,002720,국제약품,,80.19 ,,1.60 ,,,0 ,0 ,0 ,0 ,0 ,0 ,0 ,0 ,0 
165,083420,그린케미칼,14.44 ,8.48 ,,1.81 ,0.13 ,2.29 ,0 ,0 ,1 ,0 ,0 ,1 ,0 ,0 ,0 
166,014530,극동유화,13.39 ,13.02 ,,0.82 ,0.06 ,3.65 ,0 ,1 ,0 ,0 ,0 ,1 ,0 ,0 ,0 
167,014280,금강공업,13.89 ,24.80 ,,0.82 ,0.06 ,1.08 ,0 ,1 ,0 ,1 ,0 ,0 ,0 ,0 ,0 
168,008870,금비,,13.80 ,,0.54 ,,2.35 ,0 ,1 ,0 ,0 ,0 ,1 ,0 ,0 ,0 
169,001570,금양,16.09 ,8.54 ,,1.78 ,0.11 ,,0 ,0 ,0 ,0 ,0 ,0 ,0 ,0 ,0 
170,002990,금호건설,2.58 ,7.37 ,4.00 ,0.52 ,0.20 ,8.39 ,1 ,1 ,1 ,1 ,0 ,1 ,1 ,1 ,0 
171,011780,금호석유,2.58 ,8.54 ,4.00 ,0.84 ,0.33 ,6.60 ,1 ,1 ,1 ,1 ,0 ,1 ,1 ,1 ,0 
172,214330,금호에이치티,,12.77 ,,0.73 ,,,0 ,1 ,0 ,0 ,0 ,0 ,0 ,0 ,0 
173,001210,금호전기,,23.29 ,,1.45 ,,,0 ,0 ,0 ,0 ,0 ,0 ,0 ,0 ,0 
174,073240,금호타이어,,12.87 ,,1.07 ,,,0 ,0 ,0 ,0 ,0 ,0 ,0 ,0 ,0 
175,092440,기신정기,11.97 ,18.82 ,,0.50 ,0.04 ,3.53 ,0 ,1 ,0 ,1 ,0 ,1 ,0 ,0 ,0 
176,000270,기아,7.20 ,7.79 ,6.00 ,0.97 ,0.13 ,3.55 ,1 ,1 ,1 ,1 ,1 ,1 ,1 ,1 ,1 
177,024110,기업은행,3.64 ,5.29 ,3.00 ,0.30 ,0.08 ,7.06 ,1 ,1 ,0 ,1 ,1 ,1 ,0 ,0 ,0 
178,013700,까뮤이앤씨,,7.37 ,,1.02 ,,0.88 ,0 ,0 ,0 ,0 ,0 ,0 ,0 ,0 ,0 
179,004540,깨끗한나라,19.98 ,28.27 ,,0.73 ,0.04 ,,0 ,1 ,0 ,1 ,0 ,0 ,0 ,0 ,0 
180,001260,남광토건,5.24 ,7.37 ,,1.29 ,0.25 ,,1 ,0 ,1 ,1 ,0 ,0 ,0 ,0 ,0 
181,008350,남선알미늄,7.24 ,9.58 ,,1.28 ,0.18 ,,1 ,0 ,1 ,1 ,0 ,0 ,0 ,0 ,0 
182,004270,남성,15.36 ,19.80 ,,0.79 ,0.05 ,0.83 ,0 ,1 ,0 ,1 ,0 ,0 ,0 ,0 ,0 
183,003920,남양유업,,11.99 ,,0.41 ,,0.26 ,0 ,1 ,0 ,0 ,0 ,0 ,0 ,0 ,0 
184,025860,남해화학,30.96 ,8.54 ,,1.38 ,0.04 ,0.44 ,0 ,0 ,0 ,0 ,0 ,0 ,0 ,0 ,0 
185,005720,넥센,8.53 ,12.87 ,,0.22 ,0.03 ,2.32 ,1 ,1 ,0 ,1 ,0 ,1 ,0 ,0 ,0 
186,002350,넥센타이어,139.57 ,12.87 ,207.00 ,0.41 ,0.00 ,1.64 ,0 ,1 ,0 ,0 ,0 ,0 ,0 ,0 ,0 
187,251270,넷마블,46.70 ,17.04 ,35.00 ,1.12 ,0.02 ,0.69 ,0 ,0 ,0 ,0 ,1 ,0 ,0 ,0 ,0 
188,090350,노루페인트,14.59 ,22.32 ,,0.61 ,0.04 ,2.67 ,0 ,1 ,0 ,1 ,0 ,1 ,0 ,0 ,0 
189,000320,노루홀딩스,100.85 ,22.33 ,,0.34 ,0.00 ,3.78 ,0 ,1 ,0 ,0 ,0 ,1 ,0 ,0 ,0 
190,006280,녹십자,17.17 ,80.19 ,34.00 ,1.62 ,0.09 ,1.11 ,0 ,0 ,0 ,1 ,0 ,0 ,0 ,0 ,0 
191,005250,녹십자홀딩스,18.19 ,81.13 ,,0.90 ,0.05 ,1.97 ,0 ,1 ,0 ,1 ,0 ,0 ,0 ,0 ,0 
192,004370,농심,16.70 ,11.99 ,15.00 ,0.73 ,0.04 ,1.46 ,0 ,1 ,0 ,0 ,1 ,0 ,0 ,0 ,0 
193,072710,농심홀딩스,6.78 ,11.99 ,,0.32 ,0.05 ,2.79 ,1 ,1 ,0 ,1 ,0 ,1 ,0 ,0 ,0 
194,058730,다스코,,22.32 ,,0.82 ,,,0 ,1 ,0 ,0 ,0 ,0 ,0 ,0 ,0 
195,030210,다올투자증권,2.00 ,3.30 ,,0.44 ,0.22 ,5.08 ,1 ,1 ,1 ,1 ,0 ,1 ,1 ,1 ,0 
196,023590,다우기술,2.37 ,3.30 ,,0.44 ,0.19 ,3.02 ,1 ,1 ,1 ,1 ,0 ,1 ,1 ,1 ,0 
197,145210,다이나믹디자인,,12.87 ,,0.73 ,,,0 ,1 ,0 ,0 ,0 ,0 ,0 ,0 ,0 
198,019680,대교,,21.61 ,,0.58 ,,2.27 ,0 ,1 ,0 ,0 ,0 ,1 ,0 ,0 ,0 
199,006370,대구백화점,,6.21 ,,0.35 ,,0.96 ,0 ,1 ,0 ,0 ,0 ,0 ,0 ,0 ,0 
200,008060,대덕,,11.27 ,,0.46 ,,3.85 ,0 ,1 ,0 ,0 ,0 ,1 ,0 ,0 ,0 
201,353200,대덕전자,27.04 ,19.80 ,11.00 ,2.50 ,0.09 ,0.91 ,0 ,0 ,0 ,0 ,1 ,0 ,0 ,0 ,0 
202,000490,대동,10.33 ,18.82 ,,0.86 ,0.08 ,0.55 ,0 ,1 ,0 ,1 ,0 ,0 ,0 ,0 ,0 
203,008110,대동전자,7.96 ,19.80 ,,0.37 ,0.05 ,,1 ,1 ,0 ,1 ,0 ,0 ,0 ,0 ,0 
204,005750,대림B&Co,109.55 ,24.80 ,,0.76 ,0.01 ,1.80 ,0 ,1 ,0 ,0 ,0 ,0 ,0 ,0 ,0 
205,006570,대림통상,213.16 ,24.80 ,,0.80 ,0.00 ,,0 ,1 ,0 ,0 ,0 ,0 ,0 ,0 ,0 
206,001680,대상,5.71 ,11.99 ,7.00 ,0.67 ,0.12 ,3.50 ,1 ,1 ,1 ,1 ,0 ,1 ,1 ,1 ,0 
207,084690,대상홀딩스,6.37 ,11.99 ,,0.48 ,0.08 ,2.60 ,1 ,1 ,0 ,1 ,0 ,1 ,0 ,0 ,0 
208,128820,대성산업,,13.02 ,,0.55 ,,,0 ,1 ,0 ,0 ,0 ,0 ,0 ,0 ,0 
209,117580,대성에너지,34.06 ,6.35 ,,1.26 ,0.04 ,1.70 ,0 ,0 ,0 ,0 ,0 ,0 ,0 ,0 ,0 
210,016710,대성홀딩스,58.46 ,6.35 ,,2.08 ,0.04 ,0.41 ,0 ,0 ,0 ,0 ,0 ,0 ,0 ,0 ,0 
211,003540,대신증권,2.26 ,3.30 ,,0.41 ,0.18 ,8.72 ,1 ,1 ,1 ,1 ,0 ,1 ,1 ,1 ,0 
212,009190,대양금속,8.71 ,9.58 ,,1.87 ,0.21 ,,1 ,0 ,1 ,1 ,0 ,0 ,0 ,0 ,0 
213,014160,대영포장,23.98 ,13.80 ,,1.37 ,0.06 ,,0 ,0 ,0 ,0 ,0 ,0 ,0 ,0 ,0 
214,047040,대우건설,5.29 ,7.37 ,4.00 ,0.79 ,0.15 ,,1 ,1 ,1 ,1 ,1 ,0 ,0 ,0 ,0 
215,009320,대우부품,,12.77 ,,3.12 ,,,0 ,0 ,0 ,0 ,0 ,0 ,0 ,0 ,0 
216,042660,대우조선해양,,-6.79 ,-11.00 ,1.03 ,,,0 ,0 ,0 ,0 ,0 ,0 ,0 ,0 ,0 
217,003090,대웅,21.81 ,81.13 ,,1.68 ,0.08 ,0.34 ,0 ,0 ,0 ,1 ,0 ,0 ,0 ,0 ,0 
218,069620,대웅제약,80.59 ,81.13 ,37.00 ,3.31 ,0.04 ,0.35 ,0 ,0 ,0 ,1 ,1 ,0 ,0 ,0 ,0 
219,000430,대원강업,,12.77 ,,0.46 ,,2.90 ,0 ,1 ,0 ,0 ,0 ,1 ,0 ,0 ,0 
220,006340,대원전선,91.67 ,20.84 ,,1.59 ,0.02 ,,0 ,0 ,0 ,0 ,0 ,0 ,0 ,0 ,0 
221,003220,대원제약,53.12 ,81.13 ,15.00 ,1.64 ,0.03 ,1.14 ,0 ,0 ,0 ,1 ,1 ,0 ,0 ,0 ,0 
222,024890,대원화성,,5.70 ,,1.85 ,,,0 ,0 ,0 ,0 ,0 ,0 ,0 ,0 ,0 
223,002880,대유에이텍,,12.77 ,,1.39 ,,,0 ,0 ,0 ,0 ,0 ,0 ,0 ,0 ,0 
224,000300,대유플러스,,12.77 ,,1.30 ,,,0 ,0 ,0 ,0 ,0 ,0 ,0 ,0 ,0 
225,012800,대창,6.77 ,9.58 ,,0.61 ,0.09 ,1.55 ,1 ,1 ,0 ,1 ,0 ,0 ,0 ,0 ,0 
226,015230,대창단조,7.08 ,18.82 ,,0.80 ,0.11 ,2.05 ,1 ,1 ,0 ,1 ,0 ,1 ,0 ,0 ,0 
227,001070,대한방직,159.86 ,5.70 ,,1.22 ,0.01 ,,0 ,0 ,0 ,0 ,0 ,0 ,0 ,0 ,0 
228,006650,대한유화,6.48 ,8.54 ,17.00 ,0.46 ,0.07 ,2.34 ,1 ,1 ,0 ,1 ,0 ,1 ,0 ,0 ,0 
229,001440,대한전선,70.67 ,20.84 ,,5.30 ,0.07 ,,0 ,0 ,0 ,0 ,0 ,0 ,0 ,0 ,0 
230,084010,대한제강,3.46 ,4.14 ,3.00 ,0.66 ,0.19 ,2.02 ,1 ,1 ,1 ,1 ,1 ,1 ,1 ,1 ,1 
231,001790,대한제당,21.93 ,11.99 ,,0.87 ,0.04 ,2.39 ,0 ,1 ,0 ,0 ,0 ,1 ,0 ,0 ,0 
232,001130,대한제분,3.43 ,11.99 ,,0.33 ,0.10 ,1.41 ,1 ,1 ,0 ,1 ,0 ,0 ,0 ,0 ,0 
233,003490,대한항공,8.83 ,-26.63 ,10.00 ,1.41 ,0.16 ,,1 ,0 ,1 ,0 ,0 ,0 ,0 ,0 ,0 
234,005880,대한해운,3.55 ,3.33 ,4.00 ,0.73 ,0.21 ,,1 ,1 ,1 ,0 ,0 ,0 ,0 ,0 ,0 
235,003830,대한화섬,6.95 ,8.54 ,,0.19 ,0.03 ,0.59 ,1 ,1 ,0 ,1 ,0 ,0 ,0 ,0 ,0 
236,016090,대현,5.56 ,4.79 ,,0.52 ,0.09 ,3.43 ,1 ,1 ,0 ,0 ,0 ,1 ,0 ,0 ,0 
237,069460,대호에이엘,,9.58 ,,1.94 ,,,0 ,0 ,0 ,0 ,0 ,0 ,0 ,0 ,0 
238,192080,더블유게임즈,6.44 ,17.04 ,7.00 ,0.89 ,0.14 ,1.59 ,1 ,1 ,1 ,1 ,0 ,0 ,0 ,0 ,0 
239,012510,더존비즈온,22.14 ,39.75 ,22.00 ,2.41 ,0.11 ,1.19 ,0 ,0 ,0 ,1 ,1 ,0 ,0 ,0 ,0 
240,004830,덕성,22.68 ,4.79 ,,1.50 ,0.07 ,0.57 ,0 ,0 ,0 ,0 ,0 ,0 ,0 ,0 ,0 
241,024900,덕양산업,17.00 ,12.87 ,,1.89 ,0.11 ,,0 ,0 ,0 ,0 ,0 ,0 ,0 ,0 ,0 
242,145720,덴티움,12.45 ,16.30 ,11.00 ,1.98 ,0.16 ,0.35 ,0 ,0 ,1 ,1 ,1 ,0 ,0 ,0 ,0 
243,002150,도화엔지니어링,25.62 ,7.37 ,,1.43 ,0.06 ,2.46 ,0 ,0 ,0 ,0 ,0 ,1 ,0 ,0 ,0 
244,001230,동국제강,3.04 ,4.14 ,3.00 ,0.61 ,0.20 ,2.28 ,1 ,1 ,1 ,1 ,1 ,1 ,1 ,1 ,1 
245,023450,동남합성,20.00 ,8.48 ,,4.30 ,0.22 ,,0 ,0 ,1 ,0 ,0 ,0 ,0 ,0 ,0 
246,004140,동방,,10.81 ,,1.22 ,,,0 ,0 ,0 ,0 ,0 ,0 ,0 ,0 ,0 
247,007590,동방아그로,15.00 ,8.48 ,,0.65 ,0.04 ,4.54 ,0 ,1 ,0 ,0 ,0 ,1 ,0 ,0 ,0 
248,005960,동부건설,2.53 ,7.37 ,,0.53 ,0.21 ,6.98 ,1 ,1 ,1 ,1 ,0 ,1 ,1 ,1 ,0 
249,026960,동서,23.48 ,11.99 ,,1.84 ,0.08 ,2.62 ,0 ,0 ,0 ,0 ,0 ,1 ,0 ,0 ,0 
250,002210,동성제약,,81.13 ,,3.98 ,,,0 ,0 ,0 ,0 ,0 ,0 ,0 ,0 ,0 
251,102260,동성케미컬,12.39 ,8.54 ,,0.66 ,0.05 ,4.35 ,0 ,1 ,0 ,0 ,0 ,1 ,0 ,0 ,0 
252,000640,동아쏘시오홀딩스,10.45 ,81.13 ,10.00 ,0.65 ,0.06 ,1.49 ,0 ,1 ,0 ,1 ,1 ,0 ,0 ,0 ,0 
253,170900,동아에스티,42.89 ,81.13 ,28.00 ,0.84 ,0.02 ,1.54 ,0 ,1 ,0 ,1 ,1 ,0 ,0 ,0 ,0 
254,028100,동아지질,45.56 ,7.37 ,,1.02 ,0.02 ,1.90 ,0 ,0 ,0 ,0 ,0 ,0 ,0 ,0 ,0 
255,282690,동아타이어,10.71 ,12.87 ,,0.48 ,0.04 ,7.75 ,0 ,1 ,0 ,1 ,0 ,1 ,0 ,0 ,0 
256,001520,동양,21.25 ,22.33 ,,0.36 ,0.02 ,2.77 ,0 ,1 ,0 ,1 ,0 ,1 ,0 ,0 ,0 
257,084670,동양고속,,10.83 ,,0.60 ,,,0 ,1 ,0 ,0 ,0 ,0 ,0 ,0 ,0 
258,082640,동양생명,3.51 ,4.82 ,6.00 ,0.31 ,0.09 ,10.35 ,1 ,1 ,0 ,1 ,0 ,1 ,0 ,0 ,0 
259,008970,동양철관,,4.14 ,,1.81 ,,,0 ,0 ,0 ,0 ,0 ,0 ,0 ,0 ,0 
260,092780,동양피스톤,11.17 ,12.87 ,,0.75 ,0.07 ,0.95 ,0 ,1 ,0 ,1 ,0 ,0 ,0 ,0 ,0 
261,049770,동원F&B,10.61 ,11.99 ,8.00 ,0.79 ,0.07 ,2.11 ,0 ,1 ,0 ,1 ,1 ,1 ,0 ,0 ,0 
262,018500,동원금속,9.98 ,12.77 ,,0.99 ,0.10 ,,1 ,1 ,0 ,1 ,0 ,0 ,0 ,0 ,0 
263,006040,동원산업,5.02 ,11.99 ,,0.54 ,0.11 ,2.09 ,1 ,1 ,0 ,1 ,0 ,1 ,0 ,0 ,0 
264,030720,동원수산,7.54 ,11.99 ,,0.99 ,0.13 ,,1 ,1 ,1 ,1 ,0 ,0 ,0 ,0 ,0 
265,014820,동원시스템즈,38.56 ,13.80 ,,2.52 ,0.07 ,1.05 ,0 ,0 ,0 ,0 ,0 ,0 ,0 ,0 ,0 
266,163560,동일고무벨트,18.88 ,12.87 ,,0.56 ,0.03 ,0.97 ,0 ,1 ,0 ,0 ,0 ,0 ,0 ,0 ,0 
267,004890,동일산업,9.03 ,4.14 ,,0.88 ,0.10 ,2.45 ,1 ,1 ,0 ,0 ,0 ,1 ,0 ,0 ,0 
268,002690,동일제강,9.46 ,4.14 ,,0.58 ,0.06 ,0.44 ,1 ,1 ,0 ,0 ,0 ,0 ,0 ,0 ,0 
269,000020,동화약품,19.07 ,80.19 ,,0.96 ,0.05 ,1.49 ,0 ,1 ,0 ,1 ,0 ,0 ,0 ,0 ,0 
270,000150,두산,7.97 ,7.92 ,28.00 ,0.65 ,0.08 ,2.54 ,1 ,1 ,0 ,0 ,0 ,1 ,0 ,0 ,0 
271,241560,두산밥캣,9.85 ,18.96 ,9.00 ,0.88 ,0.09 ,3.17 ,1 ,1 ,0 ,1 ,1 ,1 ,0 ,0 ,0 
272,034020,두산에너빌리티,19.35 ,18.96 ,,1.79 ,0.09 ,,0 ,0 ,0 ,0 ,0 ,0 ,0 ,0 ,0 
273,336260,두산퓨얼셀,346.23 ,75.58 ,129.00 ,5.80 ,0.02 ,,0 ,0 ,0 ,0 ,1 ,0 ,0 ,0 ,0 
274,016740,두올,7.75 ,12.87 ,,0.63 ,0.08 ,2.14 ,1 ,1 ,0 ,1 ,0 ,1 ,0 ,0 ,0 
275,192650,드림텍,10.13 ,30.19 ,,2.05 ,0.20 ,2.78 ,0 ,0 ,1 ,1 ,0 ,1 ,0 ,0 ,0 
276,024090,디씨엠,6.10 ,9.62 ,,1.03 ,0.17 ,3.40 ,1 ,0 ,1 ,1 ,0 ,1 ,0 ,0 ,0 
277,003160,디아이,16.73 ,10.36 ,,1.47 ,0.09 ,2.46 ,0 ,0 ,0 ,0 ,0 ,1 ,0 ,0 ,0 
278,092200,디아이씨,6.98 ,12.87 ,,2.17 ,0.31 ,,1 ,0 ,1 ,1 ,0 ,0 ,0 ,0 ,0 
279,377190,디앤디플랫폼리츠,,,,,,,0 ,0 ,0 ,0 ,0 ,0 ,0 ,0 ,0 
280,013570,디와이,,18.82 ,,0.61 ,,1.41 ,0 ,1 ,0 ,0 ,0 ,0 ,0 ,0 ,0 
281,210540,디와이파워,6.91 ,18.82 ,,0.73 ,0.11 ,1.99 ,1 ,1 ,0 ,1 ,0 ,0 ,0 ,0 ,0 
282,007340,디티알오토모티브,9.30 ,12.87 ,,0.91 ,0.10 ,2.66 ,1 ,1 ,0 ,1 ,0 ,1 ,0 ,0 ,0 
283,115390,락앤락,31.54 ,13.95 ,,0.70 ,0.02 ,,0 ,1 ,0 ,0 ,0 ,0 ,0 ,0 ,0 
284,032350,롯데관광개발,,-56.47 ,-21.00 ,18.56 ,,,0 ,0 ,0 ,0 ,0 ,0 ,0 ,0 ,0 
285,089860,롯데렌탈,10.31 ,10.83 ,10.00 ,1.13 ,0.11 ,2.37 ,0 ,0 ,0 ,1 ,1 ,1 ,0 ,0 ,0 
286,330590,롯데리츠,,,,,,,0 ,0 ,0 ,0 ,0 ,0 ,0 ,0 ,0 
287,000400,롯데손해보험,4.84 ,6.72 ,,0.58 ,0.12 ,,1 ,1 ,1 ,1 ,0 ,0 ,0 ,0 ,0 
288,023530,롯데쇼핑,,6.23 ,16.00 ,0.28 ,,2.76 ,0 ,1 ,0 ,0 ,0 ,1 ,0 ,0 ,0 
289,004000,롯데정밀화학,3.67 ,8.54 ,5.00 ,0.96 ,0.26 ,2.76 ,1 ,1 ,1 ,1 ,0 ,1 ,1 ,1 ,0 
290,286940,롯데정보통신,13.53 ,31.23 ,15.00 ,1.06 ,0.08 ,2.30 ,0 ,0 ,0 ,1 ,0 ,1 ,0 ,0 ,0 
291,280360,롯데제과,43.11 ,11.99 ,,0.60 ,0.01 ,1.41 ,0 ,1 ,0 ,0 ,0 ,0 ,0 ,0 ,0 
292,004990,롯데지주,11.75 ,11.99 ,14.00 ,0.35 ,0.03 ,4.38 ,0 ,1 ,0 ,1 ,0 ,1 ,0 ,0 ,0 
293,005300,롯데칠성,11.71 ,20.57 ,13.00 ,1.41 ,0.12 ,1.64 ,0 ,0 ,1 ,1 ,0 ,0 ,0 ,0 ,0 
294,011170,롯데케미칼,4.99 ,8.54 ,12.00 ,0.47 ,0.09 ,4.24 ,1 ,1 ,0 ,1 ,0 ,1 ,0 ,0 ,0 
295,002270,롯데푸드,,11.99 ,10.00 ,0.40 ,,3.17 ,0 ,1 ,0 ,0 ,0 ,1 ,0 ,0 ,0 
296,071840,롯데하이마트,,,12.00 ,0.27 ,,4.66 ,0 ,1 ,0 ,0 ,0 ,1 ,0 ,0 ,0 
297,027740,마니커,,11.99 ,,2.44 ,,,0 ,0 ,0 ,0 ,0 ,0 ,0 ,0 ,0 
298,204320,만도,15.34 ,12.87 ,13.00 ,1.31 ,0.09 ,1.47 ,0 ,0 ,0 ,0 ,1 ,0 ,0 ,0 ,0 
299,001080,만호제강,31.41 ,4.12 ,,0.32 ,0.01 ,0.80 ,0 ,1 ,0 ,0 ,0 ,0 ,0 ,0 ,0 
300,088980,맥쿼리인프라,,,,,,,0 ,0 ,0 ,0 ,0 ,0 ,0 ,0 ,0 
301,094800,맵스리얼티1,,,,,,,0 ,0 ,0 ,0 ,0 ,0 ,0 ,0 ,0 
302,138040,메리츠금융지주,5.38 ,3.30 ,,1.07 ,0.20 ,0.66 ,1 ,0 ,1 ,0 ,0 ,0 ,0 ,0 ,0 
303,008560,메리츠증권,5.08 ,3.33 ,5.00 ,0.68 ,0.13 ,1.69 ,1 ,1 ,1 ,0 ,1 ,0 ,0 ,0 ,0 
304,000060,메리츠화재,7.19 ,6.72 ,7.00 ,1.78 ,0.25 ,1.58 ,1 ,0 ,1 ,0 ,1 ,0 ,0 ,0 ,0 
305,090370,메타랩스,,4.79 ,,1.08 ,,,0 ,0 ,0 ,0 ,0 ,0 ,0 ,0 ,0 
306,017180,명문제약,,80.19 ,,1.49 ,,,0 ,0 ,0 ,0 ,0 ,0 ,0 ,0 ,0 
307,009900,명신산업,28.55 ,12.77 ,,3.74 ,0.13 ,,0 ,0 ,1 ,0 ,0 ,0 ,0 ,0 ,0 
308,012690,모나리자,51.40 ,-28.73 ,,2.22 ,0.04 ,,0 ,0 ,0 ,0 ,0 ,0 ,0 ,0 ,0 
309,005360,모나미,5.53 ,18.76 ,,0.85 ,0.15 ,2.19 ,1 ,1 ,1 ,1 ,0 ,1 ,1 ,1 ,0 
310,204210,모두투어리츠,,,,,,,0 ,0 ,0 ,0 ,0 ,0 ,0 ,0 ,0 
311,009680,모토닉,24.49 ,12.77 ,,0.46 ,0.02 ,4.50 ,0 ,1 ,0 ,0 ,0 ,1 ,0 ,0 ,0 
312,009580,무림P&P,15.84 ,28.27 ,,0.48 ,0.03 ,2.65 ,0 ,1 ,0 ,1 ,0 ,1 ,0 ,0 ,0 
313,009200,무림페이퍼,,28.27 ,,0.33 ,,0.80 ,0 ,1 ,0 ,0 ,0 ,0 ,0 ,0 ,0 
314,033920,무학,,21.75 ,,0.45 ,,2.73 ,0 ,1 ,0 ,0 ,0 ,1 ,0 ,0 ,0 
315,008420,문배철강,3.93 ,4.12 ,,0.67 ,0.17 ,1.54 ,1 ,1 ,1 ,1 ,0 ,0 ,0 ,0 ,0 
316,025560,미래산업,7.14 ,10.36 ,,0.69 ,0.10 ,,1 ,1 ,0 ,1 ,0 ,0 ,0 ,0 ,0 
317,007120,미래아이앤지,,21.00 ,,0.73 ,,,0 ,1 ,0 ,0 ,0 ,0 ,0 ,0 ,0 
318,396690,미래에셋글로벌리츠,,,,,,,0 ,0 ,0 ,0 ,0 ,0 ,0 ,0 ,0 
319,357250,미래에셋맵스리츠,,,,,,,0 ,0 ,0 ,0 ,0 ,0 ,0 ,0 ,0 
320,085620,미래에셋생명,9.32 ,4.82 ,,0.30 ,0.03 ,2.69 ,1 ,1 ,0 ,0 ,0 ,1 ,0 ,0 ,0 
321,006800,미래에셋증권,5.37 ,3.30 ,7.00 ,0.47 ,0.09 ,3.84 ,1 ,1 ,0 ,0 ,0 ,1 ,0 ,0 ,0 
322,002840,미원상사,14.68 ,8.48 ,,2.82 ,0.19 ,3.44 ,0 ,0 ,1 ,0 ,0 ,1 ,0 ,0 ,0 
323,268280,미원에스씨,12.77 ,8.54 ,,3.07 ,0.24 ,1.05 ,0 ,0 ,1 ,0 ,0 ,0 ,0 ,0 ,0 
324,107590,미원홀딩스,9.73 ,8.54 ,,1.59 ,0.16 ,0.36 ,1 ,0 ,1 ,0 ,0 ,0 ,0 ,0 ,0 
325,134380,미원화학,12.36 ,8.48 ,,1.17 ,0.09 ,3.60 ,0 ,0 ,0 ,0 ,0 ,1 ,0 ,0 ,0 
326,003650,미창석유,4.10 ,13.02 ,,0.40 ,0.10 ,3.08 ,1 ,1 ,0 ,1 ,0 ,1 ,0 ,0 ,0 
327,155900,바다로19호,,,,,,,0 ,0 ,0 ,0 ,0 ,0 ,0 ,0 ,0 
328,003610,방림,20.14 ,4.79 ,,0.67 ,0.03 ,1.28 ,0 ,1 ,0 ,0 ,0 ,0 ,0 ,0 ,0 
329,001340,백광산업,16.20 ,8.54 ,,1.25 ,0.08 ,0.93 ,0 ,0 ,0 ,0 ,0 ,0 ,0 ,0 ,0 
330,035150,백산,12.73 ,4.79 ,,1.82 ,0.14 ,0.84 ,0 ,0 ,1 ,0 ,0 ,0 ,0 ,0 ,0 
331,002410,범양건영,25.33 ,7.37 ,,1.43 ,0.06 ,,0 ,0 ,0 ,0 ,0 ,0 ,0 ,0 ,0 
332,096300,베트남개발1,,,,,,,0 ,0 ,0 ,0 ,0 ,0 ,0 ,0 ,0 
333,007210,벽산,,22.33 ,,0.89 ,,0.28 ,0 ,1 ,0 ,0 ,0 ,0 ,0 ,0 ,0 
334,002760,보락,60.45 ,11.99 ,,2.62 ,0.04 ,0.25 ,0 ,0 ,0 ,0 ,0 ,0 ,0 ,0 ,0 
335,003850,보령,18.07 ,80.19 ,22.00 ,1.64 ,0.09 ,0.85 ,0 ,0 ,0 ,1 ,0 ,0 ,0 ,0 ,0 
336,000890,보해양조,,20.57 ,,1.43 ,,,0 ,0 ,0 ,0 ,0 ,0 ,0 ,0 ,0 
337,003000,부광약품,,81.13 ,,2.68 ,,0.95 ,0 ,0 ,0 ,0 ,0 ,0 ,0 ,0 ,0 
338,001270,부국증권,4.17 ,3.30 ,,0.33 ,0.08 ,6.62 ,1 ,1 ,0 ,0 ,0 ,1 ,0 ,0 ,0 
339,026940,부국철강,11.23 ,4.14 ,,0.82 ,0.07 ,1.52 ,0 ,1 ,0 ,0 ,0 ,0 ,0 ,0 ,0 
340,011390,부산산업,,22.32 ,,1.93 ,,0.25 ,0 ,0 ,0 ,0 ,0 ,0 ,0 ,0 ,0 
341,005030,부산주공,,12.77 ,,2.43 ,,,0 ,0 ,0 ,0 ,0 ,0 ,0 ,0 ,0 
342,002070,비비안,,5.70 ,,0.69 ,,,0 ,1 ,0 ,0 ,0 ,0 ,0 ,0 ,0 
343,100220,비상교육,16.03 ,21.61 ,,0.46 ,0.03 ,2.94 ,0 ,1 ,0 ,1 ,0 ,1 ,0 ,0 ,0 
344,030790,비케이탑스,,-31.67 ,,0.73 ,,,0 ,1 ,0 ,0 ,0 ,0 ,0 ,0 ,0 
345,005180,빙그레,,11.99 ,,0.81 ,,2.72 ,0 ,1 ,0 ,0 ,0 ,1 ,0 ,0 ,0 
346,003960,사조대림,4.84 ,11.99 ,,0.56 ,0.12 ,0.92 ,1 ,1 ,1 ,1 ,0 ,0 ,0 ,0 ,0 
347,008040,사조동아원,114.13 ,11.99 ,,1.60 ,0.01 ,,0 ,0 ,0 ,0 ,0 ,0 ,0 ,0 ,0 
348,007160,사조산업,5.74 ,11.99 ,,0.57 ,0.10 ,0.58 ,1 ,1 ,0 ,1 ,0 ,0 ,0 ,0 ,0 
349,014710,사조씨푸드,11.21 ,11.99 ,,0.48 ,0.04 ,0.91 ,0 ,1 ,0 ,1 ,0 ,0 ,0 ,0 ,0 
350,006090,사조오양,6.30 ,11.99 ,,0.51 ,0.08 ,1.90 ,1 ,1 ,0 ,1 ,0 ,0 ,0 ,0 ,0 
351,001470,삼부토건,37.80 ,7.37 ,,1.34 ,0.04 ,,0 ,0 ,0 ,0 ,0 ,0 ,0 ,0 ,0 
352,006400,삼성SDI,36.10 ,75.58 ,26.00 ,2.73 ,0.08 ,0.17 ,0 ,0 ,0 ,1 ,1 ,0 ,0 ,0 ,0 
353,006660,삼성공조,,12.87 ,,0.48 ,,0.61 ,0 ,1 ,0 ,0 ,0 ,0 ,0 ,0 ,0 
354,028260,삼성물산,13.43 ,7.98 ,13.00 ,0.63 ,0.05 ,3.61 ,0 ,1 ,0 ,0 ,1 ,1 ,0 ,0 ,0 
355,207940,삼성바이오로직스,133.72 ,80.19 ,106.00 ,10.55 ,0.08 ,,0 ,0 ,0 ,0 ,1 ,0 ,0 ,0 ,0 
356,032830,삼성생명,9.08 ,4.82 ,11.00 ,0.32 ,0.04 ,4.50 ,1 ,1 ,0 ,0 ,0 ,1 ,0 ,0 ,0 
357,018260,삼성에스디에스,18.29 ,31.23 ,14.00 ,1.55 ,0.08 ,1.66 ,0 ,0 ,0 ,1 ,1 ,0 ,0 ,0 ,0 
358,028050,삼성엔지니어링,13.39 ,7.37 ,11.00 ,2.49 ,0.19 ,,0 ,0 ,1 ,0 ,1 ,0 ,0 ,0 ,0 
359,009150,삼성전기,14.00 ,19.97 ,11.00 ,1.81 ,0.13 ,1.30 ,0 ,0 ,1 ,1 ,1 ,0 ,0 ,0 ,0 
360,005930,삼성전자,11.77 ,10.30 ,10.00 ,1.56 ,0.13 ,2.12 ,0 ,0 ,1 ,0 ,1 ,1 ,0 ,0 ,0 
361,001360,삼성제약,,81.13 ,,2.01 ,,,0 ,0 ,0 ,0 ,0 ,0 ,0 ,0 ,0 
362,010140,삼성중공업,,-6.79 ,-21.00 ,1.16 ,,,0 ,0 ,0 ,0 ,0 ,0 ,0 ,0 ,0 
363,016360,삼성증권,3.50 ,3.30 ,5.00 ,0.56 ,0.16 ,10.05 ,1 ,1 ,1 ,0 ,0 ,1 ,0 ,0 ,0 
364,068290,삼성출판사,87.82 ,18.76 ,,1.46 ,0.02 ,0.72 ,0 ,0 ,0 ,0 ,0 ,0 ,0 ,0 ,0 
365,029780,삼성카드,6.98 ,6.99 ,7.00 ,0.47 ,0.07 ,6.93 ,1 ,1 ,0 ,1 ,0 ,1 ,0 ,0 ,0 
366,000810,삼성화재,9.03 ,6.72 ,10.00 ,0.55 ,0.06 ,5.99 ,1 ,1 ,0 ,0 ,0 ,1 ,0 ,0 ,0 
367,006110,삼아알미늄,21.54 ,9.58 ,,2.15 ,0.10 ,0.84 ,0 ,0 ,0 ,0 ,0 ,0 ,0 ,0 ,0 
368,145990,삼양사,13.76 ,11.99 ,,0.42 ,0.03 ,2.36 ,0 ,1 ,0 ,0 ,0 ,1 ,0 ,0 ,0 
369,003230,삼양식품,12.07 ,11.99 ,10.00 ,1.74 ,0.14 ,1.11 ,0 ,0 ,1 ,0 ,1 ,0 ,0 ,0 ,0 
370,002170,삼양통상,5.03 ,5.70 ,,0.39 ,0.08 ,2.25 ,1 ,1 ,0 ,1 ,0 ,1 ,0 ,0 ,0 
371,272550,삼양패키징,10.55 ,13.95 ,,1.00 ,0.09 ,4.44 ,0 ,1 ,0 ,1 ,0 ,1 ,0 ,0 ,0 
372,000070,삼양홀딩스,3.04 ,11.99 ,,0.36 ,0.12 ,3.69 ,1 ,1 ,1 ,1 ,0 ,1 ,1 ,1 ,0 
373,002810,삼영무역,6.39 ,8.48 ,,0.58 ,0.09 ,4.00 ,1 ,1 ,0 ,1 ,0 ,1 ,0 ,0 ,0 
374,005680,삼영전자,13.36 ,75.58 ,,0.47 ,0.04 ,2.50 ,0 ,1 ,0 ,1 ,0 ,1 ,0 ,0 ,0 
375,003720,삼영화학,30.88 ,8.54 ,,2.20 ,0.07 ,,0 ,0 ,0 ,0 ,0 ,0 ,0 ,0 ,0 
376,023000,삼원강재,14.41 ,12.87 ,,0.58 ,0.04 ,3.31 ,0 ,1 ,0 ,0 ,0 ,1 ,0 ,0 ,0 
377,004380,삼익THK,24.20 ,18.82 ,,1.43 ,0.06 ,2.21 ,0 ,0 ,0 ,0 ,0 ,1 ,0 ,0 ,0 
378,002450,삼익악기,6.12 ,5.74 ,,0.54 ,0.09 ,3.00 ,1 ,1 ,0 ,0 ,0 ,1 ,0 ,0 ,0 
379,004440,삼일씨엔에스,,22.32 ,,0.42 ,,,0 ,1 ,0 ,0 ,0 ,0 ,0 ,0 ,0 
380,000520,삼일제약,,80.19 ,,1.61 ,,0.96 ,0 ,0 ,0 ,0 ,0 ,0 ,0 ,0 ,0 
381,009770,삼정펄프,9.46 ,-28.73 ,,0.33 ,0.03 ,3.47 ,1 ,1 ,0 ,0 ,0 ,1 ,0 ,0 ,0 
382,005500,삼진제약,12.14 ,80.19 ,,1.30 ,0.11 ,3.23 ,0 ,0 ,0 ,1 ,0 ,1 ,0 ,0 ,0 
383,004690,삼천리,10.02 ,6.35 ,,0.35 ,0.03 ,2.13 ,0 ,1 ,0 ,0 ,0 ,1 ,0 ,0 ,0 
384,010960,삼호개발,9.07 ,7.37 ,,0.51 ,0.06 ,3.76 ,1 ,1 ,0 ,0 ,0 ,1 ,0 ,0 ,0 
385,004450,삼화왕관,66.06 ,13.80 ,,0.55 ,0.01 ,2.87 ,0 ,1 ,0 ,0 ,0 ,1 ,0 ,0 ,0 
386,009470,삼화전기,10.86 ,77.14 ,,2.35 ,0.22 ,1.30 ,0 ,0 ,1 ,1 ,0 ,0 ,0 ,0 ,0 
387,011230,삼화전자,,19.97 ,,2.70 ,,,0 ,0 ,0 ,0 ,0 ,0 ,0 ,0 ,0 
388,001820,삼화콘덴서,18.83 ,75.58 ,17.00 ,2.62 ,0.14 ,0.97 ,0 ,0 ,1 ,1 ,1 ,0 ,0 ,0 ,0 
389,000390,삼화페인트,,22.33 ,,0.72 ,,1.12 ,0 ,1 ,0 ,0 ,0 ,0 ,0 ,0 ,0 
390,001290,상상인증권,11.99 ,3.30 ,,0.55 ,0.05 ,,0 ,1 ,0 ,0 ,0 ,0 ,0 ,0 ,0 
391,041650,상신브레이크,9.11 ,12.87 ,,0.44 ,0.05 ,1.92 ,1 ,1 ,0 ,1 ,0 ,0 ,0 ,0 ,0 
392,075180,새론오토모티브,7.86 ,12.87 ,,0.46 ,0.06 ,2.44 ,1 ,1 ,0 ,1 ,0 ,1 ,0 ,0 ,0 
393,007540,샘표,14.58 ,11.99 ,,0.70 ,0.05 ,0.33 ,0 ,1 ,0 ,0 ,0 ,0 ,0 ,0 ,0 
394,248170,샘표식품,8.35 ,11.99 ,,0.92 ,0.11 ,0.46 ,1 ,1 ,0 ,1 ,0 ,0 ,0 ,0 ,0 
395,007860,서연,8.40 ,12.87 ,,0.39 ,0.05 ,1.18 ,1 ,1 ,0 ,1 ,0 ,0 ,0 ,0 ,0 
396,200880,서연이화,8.38 ,12.87 ,,0.33 ,0.04 ,1.84 ,1 ,1 ,0 ,1 ,0 ,0 ,0 ,0 ,0 
397,017390,서울가스,116.80 ,6.35 ,,0.73 ,0.01 ,0.90 ,0 ,1 ,0 ,0 ,0 ,0 ,0 ,0 ,0 
398,004410,서울식품,,11.99 ,,4.43 ,,,0 ,0 ,0 ,0 ,0 ,0 ,0 ,0 ,0 
399,021050,서원,6.11 ,9.62 ,,0.68 ,0.11 ,0.79 ,1 ,1 ,0 ,1 ,0 ,0 ,0 ,0 ,0 
400,008490,서흥,7.84 ,11.15 ,,1.04 ,0.13 ,1.37 ,1 ,0 ,1 ,1 ,0 ,0 ,0 ,0 ,0 
401,007610,선도전기,,20.95 ,,0.68 ,,,0 ,1 ,0 ,0 ,0 ,0 ,0 ,0 ,0 
402,136490,선진,7.24 ,11.99 ,,0.73 ,0.10 ,0.76 ,1 ,1 ,0 ,1 ,0 ,0 ,0 ,0 ,0 
403,014910,성문전자,16.61 ,75.58 ,,1.50 ,0.09 ,0.20 ,0 ,0 ,0 ,1 ,0 ,0 ,0 ,0 ,0 
404,003080,성보화학,66.18 ,8.54 ,,0.65 ,0.01 ,2.67 ,0 ,1 ,0 ,0 ,0 ,1 ,0 ,0 ,0 
405,004980,성신양회,45.69 ,22.33 ,,0.70 ,0.02 ,1.72 ,0 ,1 ,0 ,0 ,0 ,0 ,0 ,0 ,0 
406,011300,성안,1.28 ,4.79 ,,0.94 ,0.73 ,,1 ,1 ,1 ,1 ,0 ,0 ,0 ,0 ,0 
407,000180,성창기업지주,30.86 ,28.27 ,,0.32 ,0.01 ,,0 ,1 ,0 ,0 ,0 ,0 ,0 ,0 ,0 
408,002420,세기상사,,-31.67 ,,2.19 ,,,0 ,0 ,0 ,0 ,0 ,0 ,0 ,0 ,0 
409,004360,세방,5.55 ,10.81 ,,0.31 ,0.06 ,1.58 ,1 ,1 ,0 ,1 ,0 ,0 ,0 ,0 ,0 
410,004490,세방전지,10.40 ,12.77 ,,0.71 ,0.07 ,0.96 ,0 ,1 ,0 ,1 ,0 ,0 ,0 ,0 ,0 
411,001430,세아베스틸지주,3.36 ,4.14 ,4.00 ,0.34 ,0.10 ,8.62 ,1 ,1 ,0 ,1 ,0 ,1 ,0 ,0 ,0 
412,306200,세아제강,5.60 ,4.14 ,4.00 ,0.74 ,0.13 ,1.94 ,1 ,1 ,1 ,0 ,1 ,0 ,0 ,0 ,0 
413,003030,세아제강지주,3.66 ,4.12 ,,0.52 ,0.14 ,1.12 ,1 ,1 ,1 ,1 ,0 ,0 ,0 ,0 ,0 
414,019440,세아특수강,5.27 ,4.14 ,,0.41 ,0.08 ,7.48 ,1 ,1 ,0 ,0 ,0 ,1 ,0 ,0 ,0 
415,058650,세아홀딩스,8.97 ,4.14 ,,0.22 ,0.02 ,2.49 ,1 ,1 ,0 ,0 ,0 ,1 ,0 ,0 ,0 
416,013000,세우글로벌,30.68 ,-28.75 ,,1.43 ,0.05 ,,0 ,0 ,0 ,0 ,0 ,0 ,0 ,0 ,0 
417,091090,세원이앤씨,,13.02 ,,0.55 ,,,0 ,1 ,0 ,0 ,0 ,0 ,0 ,0 ,0 
418,021820,세원정공,7.66 ,12.77 ,,0.18 ,0.02 ,0.31 ,1 ,1 ,0 ,1 ,0 ,0 ,0 ,0 ,0 
419,067830,세이브존I&C,18.70 ,6.23 ,,0.28 ,0.01 ,0.89 ,0 ,1 ,0 ,0 ,0 ,0 ,0 ,0 ,0 
420,033530,세종공업,,12.87 ,,0.49 ,,1.37 ,0 ,1 ,0 ,0 ,0 ,0 ,0 ,0 ,0 
421,075580,세진중공업,21.67 ,-6.80 ,,2.09 ,0.10 ,2.40 ,0 ,0 ,0 ,0 ,0 ,1 ,0 ,0 ,0 
422,027970,세하,9.21 ,13.95 ,,0.96 ,0.10 ,,1 ,1 ,0 ,1 ,0 ,0 ,0 ,0 ,0 
423,308170,센트랄모텍,99.40 ,12.87 ,,1.45 ,0.01 ,,0 ,0 ,0 ,0 ,0 ,0 ,0 ,0 ,0 
424,012600,센트럴인사이트,,-43.00 ,,1.74 ,,,0 ,0 ,0 ,0 ,0 ,0 ,0 ,0 ,0 
425,068270,셀트리온,35.08 ,81.13 ,35.00 ,5.07 ,0.14 ,0.51 ,0 ,0 ,1 ,1 ,1 ,0 ,0 ,0 ,0 
426,336370,솔루스첨단소재,228.03 ,19.80 ,117.00 ,8.96 ,0.04 ,0.15 ,0 ,0 ,0 ,0 ,1 ,0 ,0 ,0 ,0 
427,248070,솔루엠,97.56 ,19.80 ,17.00 ,4.32 ,0.04 ,,0 ,0 ,0 ,0 ,1 ,0 ,0 ,0 ,0 
428,004430,송원산업,5.59 ,8.48 ,,1.01 ,0.18 ,0.81 ,1 ,0 ,1 ,1 ,0 ,0 ,0 ,0 ,0 
429,017550,수산중공업,18.32 ,18.96 ,,1.71 ,0.09 ,0.26 ,0 ,0 ,0 ,1 ,0 ,0 ,0 ,0 ,0 
430,053210,스카이라이프,7.51 ,46.81 ,6.00 ,0.57 ,0.08 ,3.70 ,1 ,1 ,0 ,1 ,1 ,1 ,0 ,0 ,0 
431,026890,스틱인베스트먼트,6.59 ,77.14 ,,1.50 ,0.23 ,1.64 ,1 ,0 ,1 ,1 ,0 ,0 ,0 ,0 ,0 
432,134790,시디즈,8.06 ,16.19 ,,1.42 ,0.18 ,0.77 ,1 ,0 ,1 ,1 ,0 ,0 ,0 ,0 ,0 
433,016590,신대양제지,6.75 ,13.95 ,,0.65 ,0.10 ,1.38 ,1 ,1 ,0 ,1 ,0 ,0 ,0 ,0 ,0 
434,029530,신도리코,3.50 ,3.49 ,,0.33 ,0.09 ,4.53 ,1 ,1 ,0 ,0 ,0 ,1 ,0 ,0 ,0 
435,004970,신라교역,4.42 ,11.99 ,,0.35 ,0.08 ,4.07 ,1 ,1 ,0 ,1 ,0 ,1 ,0 ,0 ,0 
436,011930,신성이엔지,,10.36 ,,1.74 ,,,0 ,0 ,0 ,0 ,0 ,0 ,0 ,0 ,0 
437,005390,신성통상,7.17 ,4.79 ,,1.38 ,0.19 ,,1 ,0 ,1 ,0 ,0 ,0 ,0 ,0 ,0 
438,004170,신세계,8.15 ,6.21 ,7.00 ,0.67 ,0.08 ,1.18 ,1 ,1 ,0 ,0 ,1 ,0 ,0 ,0 ,0 
439,035510,신세계 I&C,7.03 ,31.23 ,,0.76 ,0.11 ,1.57 ,1 ,1 ,0 ,1 ,0 ,0 ,0 ,0 ,0 
440,034300,신세계건설,4.85 ,7.37 ,,0.56 ,0.12 ,2.68 ,1 ,1 ,1 ,1 ,0 ,1 ,1 ,1 ,0 
441,031430,신세계인터내셔날,14.89 ,5.70 ,12.00 ,1.71 ,0.11 ,0.88 ,0 ,0 ,0 ,0 ,1 ,0 ,0 ,0 ,0 
442,031440,신세계푸드,108.01 ,-56.47 ,27.00 ,0.92 ,0.01 ,1.11 ,0 ,1 ,0 ,0 ,1 ,0 ,0 ,0 ,0 
443,006880,신송홀딩스,17.26 ,17.55 ,,1.22 ,0.07 ,1.13 ,0 ,0 ,0 ,1 ,0 ,0 ,0 ,0 ,0 
444,005800,신영와코루,17.27 ,5.70 ,,0.35 ,0.02 ,1.21 ,0 ,1 ,0 ,0 ,0 ,0 ,0 ,0 ,0 
445,001720,신영증권,10.20 ,3.33 ,,0.33 ,0.03 ,7.04 ,0 ,1 ,0 ,0 ,0 ,1 ,0 ,0 ,0 
446,009270,신원,14.60 ,4.79 ,,0.76 ,0.05 ,2.48 ,0 ,1 ,0 ,0 ,0 ,1 ,0 ,0 ,0 
447,002700,신일전자,20.71 ,10.89 ,,1.97 ,0.10 ,1.08 ,0 ,0 ,0 ,0 ,0 ,0 ,0 ,0 ,0 
448,019170,신풍제약,,80.19 ,,4.14 ,,,0 ,0 ,0 ,0 ,0 ,0 ,0 ,0 ,0 
449,002870,신풍제지,,13.80 ,,0.68 ,,2.83 ,0 ,1 ,0 ,0 ,0 ,1 ,0 ,0 ,0 
450,404990,신한서부티엔디리츠,,,,,,,0 ,0 ,0 ,0 ,0 ,0 ,0 ,0 ,0 
451,293940,신한알파리츠,,,,,,,0 ,0 ,0 ,0 ,0 ,0 ,0 ,0 ,0 
452,055550,신한지주,5.61 ,5.29 ,5.00 ,0.48 ,0.09 ,4.64 ,1 ,1 ,0 ,0 ,1 ,1 ,0 ,0 ,0 
453,004080,신흥,11.86 ,16.54 ,,1.55 ,0.13 ,1.31 ,0 ,0 ,1 ,1 ,0 ,0 ,0 ,0 ,0 
454,102280,쌍방울,,5.70 ,,0.75 ,,,0 ,1 ,0 ,0 ,0 ,0 ,0 ,0 ,0 
455,003410,쌍용C&E,21.06 ,22.32 ,22.00 ,2.36 ,0.11 ,5.66 ,0 ,0 ,0 ,1 ,0 ,1 ,0 ,0 ,0 
456,003620,쌍용차,,7.79 ,,,,,0 ,0 ,0 ,0 ,0 ,0 ,0 ,0 ,0 
457,004770,써니전자,26.64 ,19.80 ,,1.63 ,0.06 ,,0 ,0 ,0 ,0 ,0 ,0 ,0 ,0 ,0 
458,015540,쎌마테라퓨틱스,,-28.75 ,,,,,0 ,0 ,0 ,0 ,0 ,0 ,0 ,0 ,0 
459,004920,씨아이테크,,-43.00 ,,1.03 ,,,0 ,0 ,0 ,0 ,0 ,0 ,0 ,0 ,0 
460,112610,씨에스윈드,30.11 ,18.96 ,28.00 ,2.27 ,0.08 ,1.25 ,0 ,0 ,0 ,0 ,1 ,0 ,0 ,0 ,0 
461,008700,아남전자,13.49 ,17.94 ,,2.28 ,0.17 ,,0 ,0 ,1 ,1 ,0 ,0 ,0 ,0 ,0 
462,002790,아모레G,23.33 ,28.77 ,22.00 ,1.19 ,0.05 ,1.03 ,0 ,0 ,0 ,1 ,1 ,0 ,0 ,0 ,0 
463,090430,아모레퍼시픽,55.77 ,28.77 ,38.00 ,2.27 ,0.04 ,0.63 ,0 ,0 ,0 ,0 ,1 ,0 ,0 ,0 ,0 
464,002030,아세아,2.78 ,13.95 ,,0.27 ,0.10 ,2.25 ,1 ,1 ,0 ,1 ,0 ,1 ,0 ,0 ,0 
465,183190,아세아시멘트,5.02 ,22.32 ,,0.52 ,0.10 ,1.84 ,1 ,1 ,0 ,1 ,0 ,0 ,0 ,0 ,0 
466,002310,아세아제지,4.26 ,13.95 ,,0.54 ,0.13 ,2.08 ,1 ,1 ,1 ,1 ,0 ,1 ,1 ,1 ,0 
467,012170,아센디오,,46.81 ,,2.11 ,,,0 ,0 ,0 ,0 ,0 ,0 ,0 ,0 ,0 
468,267850,아시아나IDT,7.24 ,31.23 ,,1.23 ,0.17 ,2.91 ,1 ,0 ,1 ,1 ,0 ,1 ,0 ,0 ,0 
469,020560,아시아나항공,,-26.63 ,,2.76 ,,,0 ,0 ,0 ,0 ,0 ,0 ,0 ,0 ,0 
470,122900,아이마켓코리아,9.49 ,16.35 ,,0.93 ,0.10 ,5.58 ,1 ,1 ,0 ,1 ,0 ,1 ,0 ,0 ,0 
471,010780,아이에스동서,14.17 ,7.37 ,7.00 ,1.18 ,0.08 ,2.49 ,0 ,0 ,0 ,0 ,1 ,1 ,0 ,0 ,0 
472,139990,아주스틸,10.70 ,4.14 ,,1.67 ,0.16 ,,0 ,0 ,1 ,0 ,0 ,0 ,0 ,0 ,0 
473,001780,알루코,71.22 ,9.62 ,,1.38 ,0.02 ,,0 ,0 ,0 ,0 ,0 ,0 ,0 ,0 ,0 
474,018250,애경산업,28.91 ,28.77 ,20.00 ,1.30 ,0.04 ,1.16 ,0 ,0 ,0 ,0 ,1 ,0 ,0 ,0 ,0 
475,161000,애경케미칼,4.37 ,8.54 ,,0.68 ,0.16 ,5.65 ,1 ,1 ,1 ,1 ,0 ,1 ,1 ,1 ,0 
476,011090,에넥스,11.80 ,16.19 ,,1.76 ,0.15 ,,0 ,0 ,1 ,1 ,0 ,0 ,0 ,0 ,0 
477,137310,에스디바이오센서,4.43 ,16.54 ,,2.22 ,0.50 ,2.63 ,1 ,0 ,1 ,1 ,0 ,1 ,0 ,0 ,0 
478,005850,에스엘,14.67 ,12.87 ,10.00 ,0.90 ,0.06 ,1.70 ,0 ,1 ,0 ,0 ,1 ,0 ,0 ,0 ,0 
479,010580,에스엠벡셀,,12.77 ,,3.10 ,,,0 ,0 ,0 ,0 ,0 ,0 ,0 ,0 ,0 
480,012750,에스원,21.00 ,16.35 ,17.00 ,1.67 ,0.08 ,3.51 ,0 ,0 ,0 ,0 ,1 ,1 ,0 ,0 ,0 
481,023960,에쓰씨엔지니어링,,7.37 ,,2.85 ,,,0 ,0 ,0 ,0 ,0 ,0 ,0 ,0 ,0 
482,298690,에어부산,,-26.63 ,,3.24 ,,,0 ,0 ,0 ,0 ,0 ,0 ,0 ,0 ,0 
483,140910,에이리츠,,,,,,,0 ,0 ,0 ,0 ,0 ,0 ,0 ,0 ,0 
484,078520,에이블씨엔씨,,28.77 ,,1.62 ,,,0 ,0 ,0 ,0 ,0 ,0 ,0 ,0 ,0 
485,015260,에이엔피,,19.97 ,,1.78 ,,,0 ,0 ,0 ,0 ,0 ,0 ,0 ,0 ,0 
486,007460,에이프로젠 MED,,18.96 ,,0.92 ,,,0 ,1 ,0 ,0 ,0 ,0 ,0 ,0 ,0 
487,003060,에이프로젠제약,39.20 ,80.19 ,,0.62 ,0.02 ,,0 ,1 ,0 ,1 ,0 ,0 ,0 ,0 ,0 
488,244920,에이플러스에셋,12.50 ,6.72 ,,1.54 ,0.12 ,2.24 ,0 ,0 ,1 ,0 ,0 ,1 ,0 ,0 ,0 
489,036570,엔씨소프트,23.98 ,17.04 ,17.00 ,2.80 ,0.12 ,1.35 ,0 ,0 ,1 ,0 ,1 ,0 ,0 ,0 ,0 
490,380440,엔에이치스팩19호,425.00 ,4.19 ,,1.09 ,0.00 ,,0 ,0 ,0 ,0 ,0 ,0 ,0 ,0 ,0 
491,085310,엔케이,7.79 ,18.96 ,,0.84 ,0.11 ,,1 ,1 ,0 ,1 ,0 ,0 ,0 ,0 ,0 
492,900140,엘브이엠씨홀딩스,,7.79 ,,0.81 ,,,0 ,1 ,0 ,0 ,0 ,0 ,0 ,0 ,0 
493,097520,엠씨넥스,17.93 ,30.19 ,11.00 ,2.36 ,0.13 ,1.26 ,0 ,0 ,1 ,1 ,1 ,0 ,0 ,0 ,0 
494,014440,영보화학,26.66 ,8.54 ,,0.59 ,0.02 ,2.14 ,0 ,1 ,0 ,0 ,0 ,1 ,0 ,0 ,0 
495,111770,영원무역,7.49 ,5.70 ,6.00 ,1.00 ,0.13 ,1.98 ,1 ,1 ,1 ,0 ,1 ,0 ,0 ,0 ,0 
496,009970,영원무역홀딩스,3.48 ,4.79 ,,0.40 ,0.11 ,3.55 ,1 ,1 ,0 ,1 ,0 ,1 ,0 ,0 ,0 
497,003520,영진약품,,80.19 ,,7.89 ,,,0 ,0 ,0 ,0 ,0 ,0 ,0 ,0 ,0 
498,000670,영풍,9.63 ,30.53 ,,0.32 ,0.03 ,1.54 ,1 ,1 ,0 ,1 ,0 ,0 ,0 ,0 ,0 
499,006740,영풍제지,52.45 ,28.27 ,,2.00 ,0.04 ,0.27 ,0 ,0 ,0 ,0 ,0 ,0 ,0 ,0 ,0 
500,012280,영화금속,,12.87 ,,1.25 ,,,0 ,0 ,0 ,0 ,0 ,0 ,0 ,0 ,0 
501,012160,영흥,18.16 ,4.14 ,,0.43 ,0.02 ,,0 ,1 ,0 ,0 ,0 ,0 ,0 ,0 ,0 
502,015360,예스코홀딩스,56.45 ,6.35 ,,0.32 ,0.01 ,6.20 ,0 ,1 ,0 ,0 ,0 ,1 ,0 ,0 ,0 
503,007310,오뚜기,12.51 ,11.99 ,11.00 ,1.00 ,0.08 ,1.81 ,0 ,1 ,0 ,0 ,1 ,0 ,0 ,0 ,0 
504,002630,오리엔트바이오,,-56.75 ,,2.08 ,,,0 ,0 ,0 ,0 ,0 ,0 ,0 ,0 ,0 
505,271560,오리온,14.56 ,11.99 ,13.00 ,1.70 ,0.12 ,0.79 ,0 ,0 ,1 ,0 ,1 ,0 ,0 ,0 ,0 
506,001800,오리온홀딩스,10.45 ,11.99 ,,0.41 ,0.04 ,4.53 ,0 ,1 ,0 ,1 ,0 ,1 ,0 ,0 ,0 
507,011690,와이투솔루션,,23.29 ,,4.44 ,,,0 ,0 ,0 ,0 ,0 ,0 ,0 ,0 ,0 
508,070960,용평리조트,27.11 ,-56.47 ,,0.61 ,0.02 ,,0 ,1 ,0 ,0 ,0 ,0 ,0 ,0 ,0 
509,316140,우리금융지주,4.17 ,5.29 ,4.00 ,0.42 ,0.10 ,6.04 ,1 ,1 ,0 ,1 ,1 ,1 ,0 ,0 ,0 
510,010050,우리종금,9.24 ,11.27 ,,1.23 ,0.13 ,2.38 ,1 ,0 ,1 ,1 ,0 ,1 ,0 ,0 ,0 
511,006980,우성,,11.99 ,,0.46 ,,0.48 ,0 ,1 ,0 ,0 ,0 ,0 ,0 ,0 ,0 
512,017370,우신시스템,,12.87 ,,0.58 ,,,0 ,1 ,0 ,0 ,0 ,0 ,0 ,0 ,0 
513,105840,우진,,18.96 ,,1.93 ,,0.73 ,0 ,0 ,0 ,0 ,0 ,0 ,0 ,0 ,0 
514,010400,우진아이엔에스,,7.37 ,,0.54 ,,1.28 ,0 ,1 ,0 ,0 ,0 ,0 ,0 ,0 ,0 
515,049800,우진플라임,3.70 ,18.82 ,,1.09 ,0.29 ,1.08 ,1 ,0 ,1 ,1 ,0 ,0 ,0 ,0 ,0 
516,016880,웅진,7.23 ,7.92 ,,2.74 ,0.38 ,,1 ,0 ,1 ,1 ,0 ,0 ,0 ,0 ,0 
517,095720,웅진씽크빅,8.23 ,21.61 ,,0.96 ,0.12 ,4.21 ,1 ,1 ,1 ,1 ,0 ,1 ,1 ,1 ,0 
518,005820,원림,38.91 ,13.95 ,,0.46 ,0.01 ,1.05 ,0 ,1 ,0 ,0 ,0 ,0 ,0 ,0 ,0 
519,010600,웰바이오텍,,11.99 ,,3.10 ,,,0 ,0 ,0 ,0 ,0 ,0 ,0 ,0 ,0 
520,008600,윌비스,,4.79 ,,0.72 ,,,0 ,1 ,0 ,0 ,0 ,0 ,0 ,0 ,0 
521,033270,유나이티드제약,15.67 ,81.13 ,,1.36 ,0.09 ,1.34 ,0 ,0 ,0 ,1 ,0 ,0 ,0 ,0 ,0 
522,014830,유니드,5.97 ,8.54 ,,1.07 ,0.18 ,1.39 ,1 ,0 ,1 ,1 ,0 ,0 ,0 ,0 ,0 
523,000910,유니온,12.65 ,22.32 ,,0.85 ,0.07 ,1.76 ,0 ,1 ,0 ,1 ,0 ,0 ,0 ,0 ,0 
524,047400,유니온머티리얼,218.85 ,12.87 ,,1.42 ,0.01 ,1.23 ,0 ,0 ,0 ,0 ,0 ,0 ,0 ,0 ,0 
525,011330,유니켐,24.90 ,5.70 ,,0.85 ,0.03 ,2.32 ,0 ,1 ,0 ,0 ,0 ,1 ,0 ,0 ,0 
526,077500,유니퀘스트,4.98 ,10.36 ,,1.01 ,0.20 ,2.63 ,1 ,0 ,1 ,1 ,0 ,1 ,0 ,0 ,0 
527,002920,유성기업,10.41 ,12.87 ,,0.30 ,0.03 ,3.74 ,0 ,1 ,0 ,1 ,0 ,1 ,0 ,0 ,0 
528,000700,유수홀딩스,6.54 ,10.81 ,,0.46 ,0.07 ,6.62 ,1 ,1 ,0 ,1 ,0 ,1 ,0 ,0 ,0 
529,003470,유안타증권,4.66 ,3.30 ,,0.45 ,0.10 ,5.45 ,1 ,1 ,0 ,0 ,0 ,1 ,0 ,0 ,0 
530,072130,유엔젤,3.85 ,31.23 ,,0.98 ,0.25 ,,1 ,1 ,1 ,1 ,0 ,0 ,0 ,0 ,0 
531,000220,유유제약,,80.19 ,,1.10 ,,1.48 ,0 ,0 ,0 ,0 ,0 ,0 ,0 ,0 ,0 
532,001200,유진투자증권,3.55 ,3.30 ,,0.32 ,0.09 ,4.22 ,1 ,1 ,0 ,0 ,0 ,1 ,0 ,0 ,0 
533,000100,유한양행,42.20 ,81.13 ,42.00 ,2.07 ,0.05 ,0.66 ,0 ,0 ,0 ,1 ,1 ,0 ,0 ,0 ,0 
534,003460,유화증권,19.61 ,3.30 ,,0.32 ,0.02 ,5.14 ,0 ,1 ,0 ,0 ,0 ,1 ,0 ,0 ,0 
535,008730,율촌화학,64.37 ,13.95 ,,1.57 ,0.02 ,2.28 ,0 ,0 ,0 ,0 ,0 ,1 ,0 ,0 ,0 
536,008250,이건산업,10.70 ,22.33 ,,0.58 ,0.05 ,1.87 ,0 ,1 ,0 ,1 ,0 ,0 ,0 ,0 ,0 
537,025820,이구산업,6.46 ,9.62 ,,1.11 ,0.17 ,1.23 ,1 ,0 ,1 ,1 ,0 ,0 ,0 ,0 ,0 
538,214320,이노션,15.54 ,18.57 ,12.00 ,1.25 ,0.08 ,3.52 ,0 ,0 ,0 ,1 ,1 ,1 ,0 ,0 ,0 
539,088260,이리츠코크렙,,,,,,,0 ,0 ,0 ,0 ,0 ,0 ,0 ,0 ,0 
540,139480,이마트,2.12 ,6.23 ,4.00 ,0.32 ,0.15 ,1.67 ,1 ,1 ,1 ,1 ,0 ,0 ,0 ,0 ,0 
541,007660,이수페타시스,,19.97 ,8.00 ,3.64 ,,,0 ,0 ,0 ,0 ,0 ,0 ,0 ,0 ,0 
542,005950,이수화학,4.55 ,8.54 ,,1.52 ,0.33 ,3.15 ,1 ,0 ,1 ,1 ,0 ,1 ,0 ,0 ,0 
543,015020,이스타코,47.43 ,12.62 ,,1.28 ,0.03 ,,0 ,0 ,0 ,0 ,0 ,0 ,0 ,0 ,0 
544,093230,이아이디,29.50 ,13.02 ,,0.66 ,0.02 ,,0 ,1 ,0 ,0 ,0 ,0 ,0 ,0 ,0 
545,074610,이엔플러스,,18.82 ,,2.37 ,,,0 ,0 ,0 ,0 ,0 ,0 ,0 ,0 ,0 
546,102460,이연제약,90.33 ,81.13 ,,2.05 ,0.02 ,0.91 ,0 ,0 ,0 ,0 ,0 ,0 ,0 ,0 ,0 
547,084680,이월드,,-56.47 ,,1.45 ,,,0 ,0 ,0 ,0 ,0 ,0 ,0 ,0 ,0 
548,350520,이지스레지던스리츠,,,,,,,0 ,0 ,0 ,0 ,0 ,0 ,0 ,0 ,0 
549,334890,이지스밸류리츠,,,,,,,0 ,0 ,0 ,0 ,0 ,0 ,0 ,0 ,0 
550,000760,이화산업,1.03 ,8.48 ,,0.33 ,0.32 ,,1 ,1 ,1 ,1 ,0 ,0 ,0 ,0 ,0 
551,014990,인디에프,,5.70 ,,1.89 ,,,0 ,0 ,0 ,0 ,0 ,0 ,0 ,0 ,0 
552,101140,인바이오젠,1.32 ,5.70 ,,0.84 ,0.64 ,,1 ,1 ,1 ,1 ,0 ,0 ,0 ,0 ,0 
553,006490,인스코비,52.20 ,7.38 ,,4.32 ,0.08 ,,0 ,0 ,0 ,0 ,0 ,0 ,0 ,0 ,0 
554,023800,인지컨트롤스,44.49 ,12.87 ,,0.80 ,0.02 ,1.49 ,0 ,1 ,0 ,0 ,0 ,0 ,0 ,0 ,0 
555,034590,인천도시가스,32.63 ,6.35 ,,0.60 ,0.02 ,4.51 ,0 ,1 ,0 ,0 ,0 ,1 ,0 ,0 ,0 
556,129260,인터지스,7.42 ,10.81 ,,0.51 ,0.07 ,2.73 ,1 ,1 ,0 ,1 ,0 ,1 ,0 ,0 ,0 
557,023810,인팩,30.98 ,12.87 ,,0.94 ,0.03 ,1.90 ,0 ,1 ,0 ,0 ,0 ,0 ,0 ,0 ,0 
558,249420,일동제약,,81.13 ,,7.45 ,,,0 ,0 ,0 ,0 ,0 ,0 ,0 ,0 ,0 
559,000230,일동홀딩스,,81.13 ,,8.97 ,,0.24 ,0 ,0 ,0 ,0 ,0 ,0 ,0 ,0 ,0 
560,013360,일성건설,38.62 ,7.37 ,,2.01 ,0.05 ,0.74 ,0 ,0 ,0 ,0 ,0 ,0 ,0 ,0 ,0 
561,003120,일성신약,,80.19 ,,0.37 ,,0.91 ,0 ,1 ,0 ,0 ,0 ,0 ,0 ,0 ,0 
562,003200,일신방직,4.51 ,4.79 ,,0.35 ,0.08 ,2.54 ,1 ,1 ,0 ,1 ,0 ,1 ,0 ,0 ,0 
563,007110,일신석재,,22.33 ,,2.70 ,,,0 ,0 ,0 ,0 ,0 ,0 ,0 ,0 ,0 
564,007570,일양약품,23.39 ,80.19 ,,1.97 ,0.08 ,0.83 ,0 ,0 ,0 ,1 ,0 ,0 ,0 ,0 ,0 
565,008500,일정실업,,12.87 ,,1.29 ,,,0 ,0 ,0 ,0 ,0 ,0 ,0 ,0 ,0 
566,081000,일진다이아,37.13 ,9.58 ,,0.88 ,0.02 ,1.58 ,0 ,1 ,0 ,0 ,0 ,0 ,0 ,0 ,0 
567,020760,일진디스플,,5.04 ,,8.85 ,,,0 ,0 ,0 ,0 ,0 ,0 ,0 ,0 ,0 
568,020150,일진머티리얼즈,64.95 ,19.97 ,46.00 ,4.12 ,0.06 ,0.34 ,0 ,0 ,0 ,0 ,1 ,0 ,0 ,0 ,0 
569,103590,일진전기,15.33 ,20.95 ,,0.71 ,0.05 ,1.62 ,0 ,1 ,0 ,1 ,0 ,0 ,0 ,0 ,0 
570,271940,일진하이솔루스,149.47 ,12.87 ,,5.02 ,0.03 ,,0 ,0 ,0 ,0 ,0 ,0 ,0 ,0 ,0 
571,015860,일진홀딩스,13.73 ,20.95 ,,0.62 ,0.05 ,2.68 ,0 ,1 ,0 ,1 ,0 ,1 ,0 ,0 ,0 
572,226320,잇츠한불,,28.77 ,,0.97 ,,0.96 ,0 ,1 ,0 ,0 ,0 ,0 ,0 ,0 ,0 
573,317400,자이에스앤디,8.33 ,7.37 ,,1.11 ,0.13 ,2.30 ,1 ,0 ,1 ,0 ,0 ,1 ,0 ,0 ,0 
574,033240,자화전자,23.73 ,19.97 ,,1.61 ,0.07 ,,0 ,0 ,0 ,0 ,0 ,0 ,0 ,0 ,0 
575,000950,전방,569.47 ,4.79 ,,0.43 ,0.00 ,,0 ,1 ,0 ,0 ,0 ,0 ,0 ,0 ,0 
576,348950,제이알글로벌리츠,,,,,,,0 ,0 ,0 ,0 ,0 ,0 ,0 ,0 ,0 
577,194370,제이에스코퍼레이션,4.91 ,4.79 ,,1.30 ,0.26 ,2.71 ,1 ,0 ,1 ,0 ,0 ,1 ,0 ,0 ,0 
578,025620,제이준코스메틱,,28.77 ,,1.58 ,,,0 ,0 ,0 ,0 ,0 ,0 ,0 ,0 ,0 
579,030000,제일기획,17.32 ,18.57 ,13.00 ,2.26 ,0.13 ,3.98 ,0 ,0 ,1 ,1 ,1 ,1 ,0 ,0 ,0 
580,271980,제일약품,,80.19 ,,2.17 ,,0.27 ,0 ,0 ,0 ,0 ,0 ,0 ,0 ,0 ,0 
581,001560,제일연마,15.59 ,9.62 ,,0.75 ,0.05 ,2.85 ,0 ,1 ,0 ,0 ,0 ,1 ,0 ,0 ,0 
582,002620,제일파마홀딩스,,80.19 ,,0.46 ,,0.54 ,0 ,1 ,0 ,0 ,0 ,0 ,0 ,0 ,0 
583,006220,제주은행,10.51 ,5.29 ,,0.38 ,0.04 ,1.66 ,0 ,1 ,0 ,0 ,0 ,0 ,0 ,0 ,0 
584,089590,제주항공,,-26.63 ,-7.00 ,5.65 ,,,0 ,0 ,0 ,0 ,0 ,0 ,0 ,0 ,0 
585,004910,조광페인트,,22.33 ,,0.47 ,,1.24 ,0 ,1 ,0 ,0 ,0 ,0 ,0 ,0 ,0 
586,004700,조광피혁,27.48 ,4.79 ,,0.44 ,0.02 ,0.65 ,0 ,1 ,0 ,0 ,0 ,0 ,0 ,0 ,0 
587,001550,조비,64.57 ,8.48 ,,2.25 ,0.03 ,,0 ,0 ,0 ,0 ,0 ,0 ,0 ,0 ,0 
588,000480,조선내화,13.10 ,9.58 ,,0.40 ,0.03 ,5.48 ,0 ,1 ,0 ,0 ,0 ,1 ,0 ,0 ,0 
589,120030,조선선재,9.64 ,4.14 ,,0.89 ,0.09 ,1.35 ,1 ,1 ,0 ,0 ,0 ,0 ,0 ,0 ,0 
590,018470,조일알미늄,8.54 ,9.58 ,,1.65 ,0.19 ,,1 ,0 ,1 ,1 ,0 ,0 ,0 ,0 ,0 
591,002600,조흥,7.04 ,11.99 ,,0.78 ,0.11 ,3.45 ,1 ,1 ,0 ,1 ,0 ,1 ,0 ,0 ,0 
592,185750,종근당,25.08 ,81.13 ,15.00 ,1.86 ,0.07 ,1.07 ,0 ,0 ,0 ,1 ,1 ,0 ,0 ,0 ,0 
593,063160,종근당바이오,,81.13 ,,1.13 ,,0.30 ,0 ,0 ,0 ,0 ,0 ,0 ,0 ,0 ,0 
594,001630,종근당홀딩스,20.14 ,81.13 ,,0.59 ,0.03 ,2.18 ,0 ,1 ,0 ,1 ,0 ,1 ,0 ,0 ,0 
595,044380,주연테크,17.46 ,-43.00 ,,1.34 ,0.08 ,,0 ,0 ,0 ,0 ,0 ,0 ,0 ,0 ,0 
596,013890,지누스,18.78 ,16.19 ,11.00 ,1.96 ,0.10 ,1.38 ,0 ,0 ,0 ,0 ,1 ,0 ,0 ,0 ,0 
597,013870,지엠비코리아,11.49 ,12.87 ,,0.47 ,0.04 ,1.36 ,0 ,1 ,0 ,1 ,0 ,0 ,0 ,0 ,0 
598,071320,지역난방공사,18.67 ,18.51 ,,0.22 ,0.01 ,2.30 ,0 ,1 ,0 ,0 ,0 ,1 ,0 ,0 ,0 
599,035000,지투알,6.27 ,18.57 ,,0.66 ,0.11 ,5.34 ,1 ,1 ,0 ,1 ,0 ,1 ,0 ,0 ,0 
600,088790,진도,12.24 ,5.70 ,,0.43 ,0.04 ,1.14 ,0 ,1 ,0 ,0 ,0 ,0 ,0 ,0 ,0 
601,003780,진양산업,17.21 ,8.48 ,,2.25 ,0.13 ,2.13 ,0 ,0 ,1 ,0 ,0 ,1 ,0 ,0 ,0 
602,010640,진양폴리,14.32 ,8.54 ,,1.85 ,0.13 ,3.22 ,0 ,0 ,1 ,0 ,0 ,1 ,0 ,0 ,0 
603,100250,진양홀딩스,20.34 ,8.54 ,,0.61 ,0.03 ,4.67 ,0 ,1 ,0 ,0 ,0 ,1 ,0 ,0 ,0 
604,051630,진양화학,,8.54 ,,2.20 ,,,0 ,0 ,0 ,0 ,0 ,0 ,0 ,0 ,0 
605,272450,진에어,,-26.63 ,-9.00 ,5.21 ,,,0 ,0 ,0 ,0 ,0 ,0 ,0 ,0 ,0 
606,011000,진원생명과학,,-53.89 ,,4.63 ,,,0 ,0 ,0 ,0 ,0 ,0 ,0 ,0 ,0 
607,002780,진흥기업,6.02 ,7.37 ,,1.88 ,0.31 ,,1 ,0 ,1 ,1 ,0 ,0 ,0 ,0 ,0 
608,009310,참엔지니어링,,23.29 ,,0.84 ,,,0 ,1 ,0 ,0 ,0 ,0 ,0 ,0 ,0 
609,000650,천일고속,,10.83 ,,2.64 ,,3.77 ,0 ,0 ,0 ,0 ,0 ,1 ,0 ,0 ,0 
610,033250,체시스,,12.77 ,,1.22 ,,,0 ,0 ,0 ,0 ,0 ,0 ,0 ,0 ,0 
611,118000,초록뱀헬스케어,9.96 ,81.13 ,,0.77 ,0.08 ,,1 ,1 ,0 ,1 ,0 ,0 ,0 ,0 ,0 
612,035720,카카오,26.40 ,4.63 ,20.00 ,3.59 ,0.14 ,0.06 ,0 ,0 ,1 ,0 ,1 ,0 ,0 ,0 ,0 
613,323410,카카오뱅크,84.69 ,5.29 ,59.00 ,3.40 ,0.04 ,,0 ,0 ,0 ,0 ,1 ,0 ,0 ,0 ,0 
614,377300,카카오페이,,31.23 ,3186.00 ,45.30 ,,,0 ,0 ,0 ,0 ,0 ,0 ,0 ,0 ,0 
615,006380,카프로,,8.48 ,,1.46 ,,,0 ,0 ,0 ,0 ,0 ,0 ,0 ,0 ,0 
616,109070,컨버즈,,61.65 ,,7.48 ,,,0 ,0 ,0 ,0 ,0 ,0 ,0 ,0 ,0 
617,001620,케이비아이동국실업,,12.77 ,,0.37 ,,,0 ,1 ,0 ,0 ,0 ,0 ,0 ,0 ,0 
618,029460,케이씨,6.01 ,10.36 ,,0.43 ,0.07 ,1.30 ,1 ,1 ,0 ,1 ,0 ,0 ,0 ,0 ,0 
619,281820,케이씨텍,10.27 ,10.36 ,,1.12 ,0.11 ,1.07 ,0 ,0 ,0 ,1 ,0 ,0 ,0 ,0 ,0 
620,381970,케이카,24.95 ,130.92 ,20.00 ,4.37 ,0.18 ,2.99 ,0 ,0 ,1 ,1 ,1 ,1 ,0 ,0 ,0 
621,145270,케이탑리츠,,,,,,,0 ,0 ,0 ,0 ,0 ,0 ,0 ,0 ,0 
622,417310,코람코더원리츠,,,,,,,0 ,0 ,0 ,0 ,0 ,0 ,0 ,0 ,0 
623,357120,코람코에너지리츠,,,,,,,0 ,0 ,0 ,0 ,0 ,0 ,0 ,0 ,0 
624,007810,코리아써키트,13.61 ,19.97 ,,1.88 ,0.14 ,,0 ,0 ,1 ,1 ,0 ,0 ,0 ,0 ,0 
625,003690,코리안리,7.38 ,6.72 ,5.00 ,0.38 ,0.05 ,5.59 ,1 ,1 ,0 ,0 ,1 ,1 ,0 ,0 ,0 
626,192820,코스맥스,9.30 ,28.77 ,10.00 ,1.29 ,0.14 ,0.86 ,1 ,0 ,1 ,1 ,0 ,0 ,0 ,0 ,0 
627,044820,코스맥스비티아이,8.22 ,81.13 ,,0.38 ,0.05 ,2.15 ,1 ,1 ,0 ,1 ,0 ,1 ,0 ,0 ,0 
628,005070,코스모신소재,86.92 ,8.48 ,,7.69 ,0.09 ,,0 ,0 ,0 ,0 ,0 ,0 ,0 ,0 ,0 
629,005420,코스모화학,43.67 ,8.54 ,,3.16 ,0.07 ,,0 ,0 ,0 ,0 ,0 ,0 ,0 ,0 ,0 
630,071950,코아스,,16.19 ,,1.80 ,,,0 ,0 ,0 ,0 ,0 ,0 ,0 ,0 ,0 
631,002020,코오롱,2.69 ,7.92 ,,0.42 ,0.16 ,2.02 ,1 ,1 ,1 ,1 ,0 ,1 ,1 ,1 ,0 
632,003070,코오롱글로벌,3.62 ,7.37 ,3.00 ,0.84 ,0.23 ,2.54 ,1 ,1 ,1 ,1 ,1 ,1 ,1 ,1 ,1 
633,120110,코오롱인더,10.67 ,8.54 ,9.00 ,0.84 ,0.08 ,1.92 ,0 ,1 ,0 ,0 ,1 ,0 ,0 ,0 ,0 
634,138490,코오롱플라스틱,24.30 ,8.54 ,,2.40 ,0.10 ,1.04 ,0 ,0 ,0 ,0 ,0 ,0 ,0 ,0 ,0 
635,021240,코웨이,11.41 ,10.92 ,11.00 ,2.74 ,0.24 ,1.74 ,0 ,0 ,1 ,0 ,1 ,0 ,0 ,0 ,0 
636,036420,콘텐트리중앙,,46.81 ,169.00 ,4.57 ,,,0 ,0 ,0 ,0 ,0 ,0 ,0 ,0 ,0 
637,031820,콤텍시스템,37.32 ,31.23 ,,0.81 ,0.02 ,,0 ,1 ,0 ,0 ,0 ,0 ,0 ,0 ,0 
638,192400,쿠쿠홀딩스,4.28 ,10.92 ,,0.61 ,0.14 ,4.01 ,1 ,1 ,1 ,1 ,0 ,1 ,1 ,1 ,0 
639,284740,쿠쿠홈시스,4.66 ,10.92 ,,1.10 ,0.24 ,2.06 ,1 ,0 ,1 ,1 ,0 ,1 ,0 ,0 ,0 
640,015590,큐로,,18.82 ,,1.05 ,,,0 ,0 ,0 ,0 ,0 ,0 ,0 ,0 ,0 
641,264900,크라운제과,11.17 ,11.99 ,,0.88 ,0.08 ,2.27 ,0 ,1 ,0 ,1 ,0 ,1 ,0 ,0 ,0 
642,005740,크라운해태홀딩스,34.35 ,11.99 ,,0.52 ,0.02 ,1.02 ,0 ,1 ,0 ,0 ,0 ,0 ,0 ,0 ,0 
643,259960,크래프톤,21.46 ,17.04 ,17.00 ,2.49 ,0.12 ,,0 ,0 ,1 ,0 ,1 ,0 ,0 ,0 ,0 
644,020120,키다리스튜디오,71.58 ,4.63 ,,1.27 ,0.02 ,,0 ,0 ,0 ,0 ,0 ,0 ,0 ,0 ,0 
645,039490,키움증권,2.66 ,3.30 ,4.00 ,0.58 ,0.22 ,4.01 ,1 ,1 ,1 ,1 ,0 ,1 ,1 ,1 ,0 
646,014580,태경비케이,15.77 ,9.62 ,,0.97 ,0.06 ,2.06 ,0 ,1 ,0 ,0 ,0 ,1 ,0 ,0 ,0 
647,015890,태경산업,11.52 ,9.62 ,,0.77 ,0.07 ,3.80 ,0 ,1 ,0 ,0 ,0 ,1 ,0 ,0 ,0 
648,006890,태경케미컬,19.66 ,8.54 ,,1.49 ,0.08 ,1.19 ,0 ,0 ,0 ,0 ,0 ,0 ,0 ,0 ,0 
649,003240,태광산업,3.48 ,8.48 ,,0.21 ,0.06 ,0.18 ,1 ,1 ,0 ,1 ,0 ,0 ,0 ,0 ,0 
650,011280,태림포장,16.48 ,13.80 ,,0.84 ,0.05 ,1.26 ,0 ,1 ,0 ,0 ,0 ,0 ,0 ,0 ,0 
651,004100,태양금속,,12.87 ,,0.59 ,,0.37 ,0 ,1 ,0 ,0 ,0 ,0 ,0 ,0 ,0 
652,009410,태영건설,4.68 ,7.37 ,,0.49 ,0.10 ,4.00 ,1 ,1 ,0 ,1 ,0 ,1 ,0 ,0 ,0 
653,001420,태원물산,508.18 ,12.77 ,,1.31 ,0.00 ,0.98 ,0 ,0 ,0 ,0 ,0 ,0 ,0 ,0 ,0 
654,007980,태평양물산,,5.70 ,,0.66 ,,,0 ,1 ,0 ,0 ,0 ,0 ,0 ,0 ,0 
655,055490,테이팩스,18.53 ,8.48 ,,2.79 ,0.15 ,0.88 ,0 ,0 ,1 ,0 ,0 ,0 ,0 ,0 ,0 
656,078000,텔코웨어,51.72 ,29.89 ,,0.57 ,0.01 ,4.74 ,0 ,1 ,0 ,0 ,0 ,1 ,0 ,0 ,0 
657,214420,토니모리,,28.77 ,,1.42 ,,,0 ,0 ,0 ,0 ,0 ,0 ,0 ,0 ,0 
658,019180,티에이치엔,4.26 ,12.87 ,,0.84 ,0.20 ,1.23 ,1 ,1 ,1 ,1 ,0 ,0 ,0 ,0 ,0 
659,363280,티와이홀딩스,6.91 ,7.37 ,,0.83 ,0.12 ,,1 ,1 ,1 ,1 ,0 ,0 ,0 ,0 ,0 
660,091810,티웨이항공,,-26.63 ,-4.00 ,8.85 ,,,0 ,0 ,0 ,0 ,0 ,0 ,0 ,0 ,0 
661,004870,티웨이홀딩스,,-26.63 ,,1.51 ,,,0 ,0 ,0 ,0 ,0 ,0 ,0 ,0 ,0 
662,005690,파미셀,63.64 ,8.48 ,,10.67 ,0.17 ,,0 ,0 ,1 ,0 ,0 ,0 ,0 ,0 ,0 
663,036580,팜스코,,11.99 ,,0.83 ,,1.46 ,0 ,1 ,0 ,0 ,0 ,0 ,0 ,0 ,0 
664,004720,팜젠사이언스,3.82 ,81.13 ,,1.01 ,0.26 ,,1 ,0 ,1 ,1 ,0 ,0 ,0 ,0 ,0 
665,028670,팬오션,6.50 ,3.33 ,6.00 ,1.13 ,0.17 ,1.25 ,1 ,0 ,1 ,0 ,1 ,0 ,0 ,0 ,0 
666,010820,퍼스텍,51.98 ,31.16 ,,4.65 ,0.09 ,,0 ,0 ,0 ,0 ,0 ,0 ,0 ,0 ,0 
667,016800,퍼시스,8.55 ,16.19 ,,0.62 ,0.07 ,3.28 ,1 ,1 ,0 ,1 ,0 ,1 ,0 ,0 ,0 
668,001020,페이퍼코리아,9.37 ,28.27 ,,2.02 ,0.22 ,,1 ,0 ,1 ,1 ,0 ,0 ,0 ,0 ,0 
669,090080,평화산업,427.50 ,12.87 ,,3.62 ,0.01 ,,0 ,0 ,0 ,0 ,0 ,0 ,0 ,0 ,0 
670,010770,평화홀딩스,,12.87 ,,0.58 ,,4.04 ,0 ,1 ,0 ,0 ,0 ,1 ,0 ,0 ,0 
671,058430,포스코스틸리온,2.72 ,9.62 ,,0.86 ,0.32 ,2.16 ,1 ,1 ,1 ,1 ,0 ,1 ,1 ,1 ,0 
672,047050,포스코인터내셔널,6.62 ,6.59 ,6.00 ,0.80 ,0.12 ,3.48 ,1 ,1 ,1 ,0 ,1 ,1 ,0 ,0 ,0 
673,003670,포스코케미칼,70.62 ,8.54 ,67.00 ,4.04 ,0.06 ,0.24 ,0 ,0 ,0 ,0 ,1 ,0 ,0 ,0 ,0 
674,017810,풀무원,50.00 ,11.99 ,,1.39 ,0.03 ,0.64 ,0 ,0 ,0 ,0 ,0 ,0 ,0 ,0 ,0 
675,103140,풍산,3.43 ,9.62 ,5.00 ,0.50 ,0.15 ,3.36 ,1 ,1 ,1 ,1 ,0 ,1 ,1 ,1 ,0 
676,005810,풍산홀딩스,1.79 ,9.62 ,,0.32 ,0.18 ,4.75 ,1 ,1 ,1 ,1 ,0 ,1 ,1 ,1 ,0 
677,950210,프레스티지바이오파마,,80.19 ,,1.81 ,,,0 ,0 ,0 ,0 ,0 ,0 ,0 ,0 ,0 
678,009810,플레이그램,,-28.75 ,,2.69 ,,,0 ,0 ,0 ,0 ,0 ,0 ,0 ,0 ,0 
679,086790,하나금융지주,3.93 ,5.29 ,4.00 ,0.39 ,0.10 ,6.72 ,1 ,1 ,0 ,1 ,0 ,1 ,0 ,0 ,0 
680,293480,하나제약,12.44 ,81.13 ,,1.35 ,0.11 ,2.60 ,0 ,0 ,0 ,1 ,0 ,1 ,0 ,0 ,0 
681,039130,하나투어,,-56.47 ,-19.00 ,11.09 ,,,0 ,0 ,0 ,0 ,0 ,0 ,0 ,0 ,0 
682,352820,하이브,61.15 ,46.81 ,37.00 ,3.24 ,0.05 ,,0 ,0 ,0 ,0 ,1 ,0 ,0 ,0 ,0 
683,071090,하이스틸,10.35 ,4.12 ,,0.86 ,0.08 ,0.67 ,0 ,1 ,0 ,0 ,0 ,0 ,0 ,0 ,0 
684,019490,하이트론,,56.04 ,,1.14 ,,,0 ,0 ,0 ,0 ,0 ,0 ,0 ,0 ,0 
685,000080,하이트진로,32.84 ,20.57 ,22.00 ,2.39 ,0.07 ,2.18 ,0 ,0 ,0 ,0 ,1 ,1 ,0 ,0 ,0 
686,000140,하이트진로홀딩스,8.61 ,20.57 ,,0.57 ,0.07 ,3.32 ,1 ,1 ,0 ,1 ,0 ,1 ,0 ,0 ,0 
687,152550,한국ANKOR유전,,,,,,,0 ,0 ,0 ,0 ,0 ,0 ,0 ,0 ,0 
688,036460,한국가스공사,4.21 ,6.35 ,4.00 ,0.42 ,0.10 ,6.29 ,1 ,1 ,0 ,1 ,1 ,1 ,0 ,0 ,0 
689,005430,한국공항,43.91 ,21.79 ,,0.48 ,0.01 ,,0 ,1 ,0 ,0 ,0 ,0 ,0 ,0 ,0 
690,071050,한국금융지주,2.40 ,3.30 ,4.00 ,0.54 ,0.22 ,8.95 ,1 ,1 ,1 ,1 ,0 ,1 ,1 ,1 ,0 
691,010040,한국내화,24.21 ,9.62 ,,0.53 ,0.02 ,0.92 ,0 ,1 ,0 ,0 ,0 ,0 ,0 ,0 ,0 
692,025540,한국단자,9.83 ,12.87 ,,0.73 ,0.07 ,1.18 ,1 ,1 ,0 ,1 ,0 ,0 ,0 ,0 ,0 
693,004090,한국석유,17.95 ,8.54 ,,1.28 ,0.07 ,0.69 ,0 ,0 ,0 ,0 ,0 ,0 ,0 ,0 ,0 
694,002200,한국수출포장,6.39 ,13.80 ,,0.37 ,0.06 ,2.76 ,1 ,1 ,0 ,1 ,0 ,1 ,0 ,0 ,0 
695,002960,한국쉘석유,11.19 ,13.02 ,,2.97 ,0.27 ,7.60 ,0 ,0 ,1 ,1 ,0 ,1 ,0 ,0 ,0 
696,000240,한국앤컴퍼니,6.73 ,12.87 ,,0.36 ,0.05 ,4.27 ,1 ,1 ,0 ,1 ,0 ,1 ,0 ,0 ,0 
697,123890,한국자산신탁,4.61 ,20.38 ,,0.58 ,0.13 ,5.50 ,1 ,1 ,1 ,1 ,0 ,1 ,1 ,1 ,0 
698,015760,한국전력,,-3.72 ,-1.00 ,0.23 ,,,0 ,1 ,0 ,0 ,0 ,0 ,0 ,0 ,0 
699,006200,한국전자홀딩스,3.59 ,10.36 ,,0.62 ,0.17 ,,1 ,1 ,1 ,1 ,0 ,0 ,0 ,0 ,0 
700,009540,한국조선해양,,-6.79 ,135.00 ,0.63 ,,,0 ,1 ,0 ,0 ,0 ,0 ,0 ,0 ,0 
701,023350,한국종합기술,8.97 ,7.37 ,,0.66 ,0.07 ,1.11 ,1 ,1 ,0 ,0 ,0 ,0 ,0 ,0 ,0 
702,025890,한국주강,,4.12 ,,1.39 ,,,0 ,0 ,0 ,0 ,0 ,0 ,0 ,0 ,0 
703,000970,한국주철관,3.36 ,4.12 ,,0.61 ,0.18 ,4.13 ,1 ,1 ,1 ,1 ,0 ,1 ,1 ,1 ,0 
704,104700,한국철강,4.08 ,4.14 ,,0.46 ,0.11 ,2.90 ,1 ,1 ,0 ,1 ,0 ,1 ,0 ,0 ,0 
705,017960,한국카본,38.04 ,-6.80 ,,1.37 ,0.04 ,1.21 ,0 ,0 ,0 ,0 ,0 ,0 ,0 ,0 ,0 
706,161890,한국콜마,25.27 ,28.77 ,15.00 ,1.32 ,0.05 ,1.05 ,0 ,0 ,0 ,1 ,1 ,0 ,0 ,0 ,0 
707,024720,한국콜마홀딩스,18.37 ,28.77 ,,0.64 ,0.03 ,1.20 ,0 ,1 ,0 ,1 ,0 ,0 ,0 ,0 ,0 
708,161390,한국타이어앤테크놀로지,7.50 ,12.87 ,9.00 ,0.54 ,0.07 ,1.93 ,1 ,1 ,0 ,1 ,0 ,0 ,0 ,0 ,0 
709,034830,한국토지신탁,3.64 ,20.38 ,,0.45 ,0.12 ,4.97 ,1 ,1 ,1 ,1 ,0 ,1 ,1 ,1 ,0 
710,007280,한국특강,4.19 ,4.14 ,,1.09 ,0.26 ,,1 ,0 ,1 ,0 ,0 ,0 ,0 ,0 ,0 
711,168490,한국패러랠,,,,,,,0 ,0 ,0 ,0 ,0 ,0 ,0 ,0 ,0 
712,010100,한국프랜지,4.93 ,12.87 ,,0.36 ,0.07 ,2.98 ,1 ,1 ,0 ,1 ,0 ,1 ,0 ,0 ,0 
713,047810,한국항공우주,72.48 ,31.16 ,39.00 ,3.65 ,0.05 ,0.42 ,0 ,0 ,0 ,0 ,1 ,0 ,0 ,0 ,0 
714,123690,한국화장품,,28.77 ,,6.71 ,,,0 ,0 ,0 ,0 ,0 ,0 ,0 ,0 ,0 
715,003350,한국화장품제조,,28.77 ,,2.39 ,,,0 ,0 ,0 ,0 ,0 ,0 ,0 ,0 ,0 
716,011500,한농화성,12.58 ,8.54 ,,1.64 ,0.13 ,1.45 ,0 ,0 ,1 ,0 ,0 ,0 ,0 ,0 ,0 
717,002390,한독,160.32 ,80.19 ,,0.76 ,0.00 ,1.73 ,0 ,1 ,0 ,0 ,0 ,0 ,0 ,0 ,0 
718,014790,한라,2.17 ,7.37 ,3.00 ,0.52 ,0.24 ,2.06 ,1 ,1 ,1 ,1 ,0 ,1 ,1 ,1 ,0 
719,060980,한라홀딩스,4.08 ,12.77 ,,0.41 ,0.10 ,4.83 ,1 ,1 ,0 ,1 ,0 ,1 ,0 ,0 ,0 
720,053690,한미글로벌,9.40 ,7.37 ,,0.89 ,0.09 ,3.61 ,1 ,1 ,0 ,0 ,0 ,1 ,0 ,0 ,0 
721,042700,한미반도체,14.36 ,10.36 ,,4.29 ,0.30 ,1.99 ,0 ,0 ,1 ,0 ,0 ,0 ,0 ,0 ,0 
722,008930,한미사이언스,75.32 ,81.13 ,,4.60 ,0.06 ,0.42 ,0 ,0 ,0 ,1 ,0 ,0 ,0 ,0 ,0 
723,128940,한미약품,55.41 ,81.13 ,47.00 ,4.59 ,0.08 ,0.16 ,0 ,0 ,0 ,1 ,1 ,0 ,0 ,0 ,0 
724,009240,한샘,29.07 ,16.19 ,24.00 ,1.89 ,0.07 ,2.24 ,0 ,0 ,0 ,0 ,1 ,1 ,0 ,0 ,0 
725,020000,한섬,8.13 ,5.70 ,7.00 ,0.67 ,0.08 ,1.59 ,1 ,1 ,0 ,0 ,1 ,0 ,0 ,0 ,0 
726,003680,한성기업,,11.99 ,,1.09 ,,,0 ,0 ,0 ,0 ,0 ,0 ,0 ,0 ,0 
727,105630,한세실업,14.82 ,5.70 ,9.00 ,2.11 ,0.14 ,2.00 ,0 ,0 ,1 ,0 ,1 ,1 ,0 ,0 ,0 
728,069640,한세엠케이,,5.70 ,,0.91 ,,,0 ,1 ,0 ,0 ,0 ,0 ,0 ,0 ,0 
729,016450,한세예스24홀딩스,6.74 ,5.70 ,,0.56 ,0.08 ,3.68 ,1 ,1 ,0 ,0 ,0 ,1 ,0 ,0 ,0 
730,010420,한솔PNS,11.86 ,28.27 ,,0.88 ,0.07 ,1.25 ,0 ,1 ,0 ,1 ,0 ,0 ,0 ,0 ,0 
731,009180,한솔로지스틱스,4.89 ,10.81 ,,1.46 ,0.30 ,1.43 ,1 ,0 ,1 ,1 ,0 ,0 ,0 ,0 ,0 
732,213500,한솔제지,24.09 ,28.27 ,,0.48 ,0.02 ,4.33 ,0 ,1 ,0 ,1 ,0 ,1 ,0 ,0 ,0 
733,014680,한솔케미칼,20.36 ,8.48 ,19.00 ,4.19 ,0.21 ,0.79 ,0 ,0 ,1 ,0 ,1 ,0 ,0 ,0 ,0 
734,004710,한솔테크닉스,,22.60 ,,0.74 ,,,0 ,1 ,0 ,0 ,0 ,0 ,0 ,0 ,0 
735,004150,한솔홀딩스,6.55 ,28.27 ,,0.28 ,0.04 ,3.47 ,1 ,1 ,0 ,1 ,0 ,1 ,0 ,0 ,0 
736,025750,한솔홈데코,23.97 ,22.32 ,,0.82 ,0.03 ,1.23 ,0 ,1 ,0 ,0 ,0 ,0 ,0 ,0 ,0 
737,004960,한신공영,3.71 ,7.37 ,,0.26 ,0.07 ,2.33 ,1 ,1 ,0 ,1 ,0 ,1 ,0 ,0 ,0 
738,011700,한신기계,84.92 ,18.96 ,,3.83 ,0.05 ,0.42 ,0 ,0 ,0 ,0 ,0 ,0 ,0 ,0 ,0 
739,001750,한양증권,2.09 ,3.30 ,,0.38 ,0.18 ,7.20 ,1 ,1 ,1 ,1 ,0 ,1 ,1 ,1 ,0 
740,018880,한온시스템,18.86 ,12.87 ,24.00 ,2.48 ,0.13 ,3.30 ,0 ,0 ,1 ,0 ,0 ,1 ,0 ,0 ,0 
741,009420,한올바이오파마,94.41 ,81.13 ,,5.03 ,0.05 ,,0 ,0 ,0 ,0 ,0 ,0 ,0 ,0 ,0 
742,014130,한익스프레스,24.38 ,10.81 ,,0.98 ,0.04 ,,0 ,1 ,0 ,0 ,0 ,0 ,0 ,0 ,0 
743,300720,한일시멘트,16.83 ,22.33 ,,0.93 ,0.06 ,2.83 ,0 ,1 ,0 ,1 ,0 ,1 ,0 ,0 ,0 
744,002220,한일철강,5.09 ,4.12 ,,0.68 ,0.13 ,1.02 ,1 ,1 ,1 ,0 ,0 ,0 ,0 ,0 ,0 
745,006390,한일현대시멘트,13.10 ,22.33 ,,1.66 ,0.13 ,3.97 ,0 ,0 ,1 ,1 ,0 ,1 ,0 ,0 ,0 
746,003300,한일홀딩스,8.88 ,22.32 ,,0.29 ,0.03 ,3.97 ,1 ,1 ,0 ,1 ,0 ,1 ,0 ,0 ,0 
747,051600,한전KPS,16.53 ,-3.72 ,13.00 ,1.47 ,0.09 ,3.31 ,0 ,0 ,0 ,0 ,1 ,1 ,0 ,0 ,0 
748,052690,한전기술,174.88 ,-3.72 ,,5.57 ,0.03 ,0.32 ,0 ,0 ,0 ,0 ,0 ,0 ,0 ,0 ,0 
749,130660,한전산업,50.57 ,-3.72 ,,5.10 ,0.10 ,1.48 ,0 ,0 ,0 ,0 ,0 ,0 ,0 ,0 ,0 
750,002320,한진,,10.81 ,7.00 ,0.37 ,,1.89 ,0 ,1 ,0 ,0 ,0 ,0 ,0 ,0 ,0 
751,003480,한진중공업홀딩스,,6.35 ,,0.38 ,,2.15 ,0 ,1 ,0 ,0 ,0 ,1 ,0 ,0 ,0 
752,180640,한진칼,216.34 ,-26.63 ,,2.34 ,0.01 ,,0 ,0 ,0 ,0 ,0 ,0 ,0 ,0 ,0 
753,005110,한창,,12.62 ,,1.64 ,,,0 ,0 ,0 ,0 ,0 ,0 ,0 ,0 ,0 
754,009460,한창제지,8.29 ,13.80 ,,1.15 ,0.14 ,0.96 ,1 ,0 ,1 ,1 ,0 ,0 ,0 ,0 ,0 
755,372910,한컴라이프케어,29.69 ,16.30 ,,1.40 ,0.05 ,,0 ,0 ,0 ,0 ,0 ,0 ,0 ,0 ,0 
756,000880,한화,3.06 ,4.82 ,4.00 ,0.54 ,0.18 ,2.66 ,1 ,1 ,1 ,1 ,0 ,1 ,1 ,1 ,0 
757,088350,한화생명,1.83 ,4.82 ,5.00 ,0.17 ,0.09 ,,1 ,1 ,0 ,1 ,0 ,0 ,0 ,0 ,0 
758,000370,한화손해보험,4.23 ,6.72 ,3.00 ,0.36 ,0.09 ,,1 ,1 ,0 ,1 ,1 ,0 ,0 ,0 ,0 
759,009830,한화솔루션,9.36 ,8.54 ,12.00 ,0.73 ,0.08 ,,1 ,1 ,0 ,0 ,0 ,0 ,0 ,0 ,0 
760,272210,한화시스템,24.68 ,31.16 ,37.00 ,1.31 ,0.05 ,1.03 ,0 ,0 ,0 ,1 ,0 ,0 ,0 ,0 ,0 
761,012450,한화에어로스페이스,10.38 ,31.16 ,12.00 ,0.91 ,0.09 ,1.35 ,0 ,1 ,0 ,1 ,0 ,0 ,0 ,0 ,0 
762,003530,한화투자증권,6.16 ,3.30 ,,0.47 ,0.08 ,4.94 ,1 ,1 ,0 ,0 ,0 ,1 ,0 ,0 ,0 
763,195870,해성디에스,16.98 ,10.36 ,9.00 ,4.11 ,0.24 ,0.84 ,0 ,0 ,1 ,0 ,1 ,0 ,0 ,0 ,0 
764,101530,해태제과식품,,11.99 ,,0.88 ,,2.32 ,0 ,1 ,0 ,0 ,0 ,1 ,0 ,0 ,0 
765,143210,핸즈코퍼레이션,,12.87 ,,0.40 ,,,0 ,1 ,0 ,0 ,0 ,0 ,0 ,0 ,0 
766,000720,현대건설,11.37 ,7.37 ,9.00 ,0.65 ,0.06 ,1.45 ,0 ,1 ,0 ,0 ,1 ,0 ,0 ,0 ,0 
767,267270,현대건설기계,6.95 ,18.82 ,7.00 ,0.57 ,0.08 ,3.00 ,1 ,1 ,0 ,1 ,0 ,1 ,0 ,0 ,0 
768,005440,현대그린푸드,19.46 ,10.92 ,,0.41 ,0.02 ,2.42 ,0 ,1 ,0 ,0 ,0 ,1 ,0 ,0 ,0 
769,086280,현대글로비스,9.96 ,10.81 ,7.00 ,1.34 ,0.13 ,1.83 ,1 ,0 ,1 ,1 ,1 ,0 ,0 ,0 ,0 
770,042670,현대두산인프라코어,2.68 ,18.96 ,7.00 ,0.88 ,0.33 ,,1 ,1 ,1 ,1 ,0 ,0 ,0 ,0 ,0 
771,064350,현대로템,30.05 ,18.96 ,,1.54 ,0.05 ,,0 ,0 ,0 ,0 ,0 ,0 ,0 ,0 ,0 
772,079430,현대리바트,20.17 ,16.19 ,,0.54 ,0.03 ,0.75 ,0 ,1 ,0 ,0 ,0 ,0 ,0 ,0 ,0 
773,012330,현대모비스,8.08 ,12.77 ,7.00 ,0.52 ,0.06 ,2.00 ,1 ,1 ,0 ,1 ,1 ,1 ,0 ,0 ,0 
774,010620,현대미포조선,,-6.79 ,141.00 ,1.44 ,,,0 ,0 ,0 ,0 ,0 ,0 ,0 ,0 ,0 
775,069960,현대백화점,9.61 ,6.23 ,8.00 ,0.38 ,0.04 ,1.41 ,1 ,1 ,0 ,0 ,1 ,0 ,0 ,0 ,0 
776,004560,현대비앤지스틸,3.47 ,9.58 ,,0.50 ,0.14 ,0.59 ,1 ,1 ,1 ,1 ,0 ,0 ,0 ,0 ,0 
777,004310,현대약품,,80.19 ,,1.60 ,,0.60 ,0 ,0 ,0 ,0 ,0 ,0 ,0 ,0 ,0 
778,322000,현대에너지솔루션,,28.73 ,,0.84 ,,,0 ,1 ,0 ,0 ,0 ,0 ,0 ,0 ,0 
779,017800,현대엘리베이,12.47 ,18.96 ,,1.26 ,0.10 ,2.32 ,0 ,0 ,0 ,1 ,0 ,1 ,0 ,0 ,0 
780,307950,현대오토에버,47.19 ,31.23 ,37.00 ,2.56 ,0.05 ,0.55 ,0 ,0 ,0 ,0 ,1 ,0 ,0 ,0 ,0 
781,011210,현대위아,28.93 ,12.87 ,12.00 ,0.54 ,0.02 ,1.06 ,0 ,1 ,0 ,0 ,1 ,0 ,0 ,0 ,0 
782,267260,현대일렉트릭,,20.95 ,11.00 ,1.32 ,,,0 ,0 ,0 ,0 ,0 ,0 ,0 ,0 ,0 
783,004020,현대제철,3.66 ,4.12 ,3.00 ,0.29 ,0.08 ,2.50 ,1 ,1 ,0 ,1 ,1 ,1 ,0 ,0 ,0 
784,329180,현대중공업,,-6.79 ,-113.00 ,1.86 ,,,0 ,0 ,0 ,0 ,0 ,0 ,0 ,0 ,0 
785,005380,현대차,10.39 ,7.79 ,8.00 ,0.64 ,0.06 ,2.69 ,0 ,1 ,0 ,0 ,1 ,1 ,0 ,0 ,0 
786,001500,현대차증권,3.46 ,3.30 ,,0.35 ,0.10 ,7.62 ,1 ,1 ,0 ,0 ,0 ,1 ,0 ,0 ,0 
787,011760,현대코퍼레이션,6.81 ,6.59 ,5.00 ,0.65 ,0.10 ,3.09 ,1 ,1 ,0 ,0 ,1 ,1 ,0 ,0 ,0 
788,227840,현대코퍼레이션홀딩스,9.44 ,17.55 ,,0.58 ,0.06 ,3.86 ,1 ,1 ,0 ,1 ,0 ,1 ,0 ,0 ,0 
789,126560,현대퓨처넷,3.89 ,46.81 ,,0.46 ,0.12 ,2.80 ,1 ,1 ,1 ,1 ,0 ,1 ,1 ,1 ,0 
790,001450,현대해상,6.40 ,6.72 ,6.00 ,0.48 ,0.08 ,4.78 ,1 ,1 ,0 ,1 ,1 ,1 ,0 ,0 ,0 
791,057050,현대홈쇼핑,6.68 ,18.64 ,6.00 ,0.34 ,0.05 ,4.24 ,1 ,1 ,0 ,1 ,1 ,1 ,0 ,0 ,0 
792,093240,형지엘리트,133.00 ,4.79 ,,1.00 ,0.01 ,,0 ,1 ,0 ,0 ,0 ,0 ,0 ,0 ,0 
793,003010,혜인,17.16 ,18.96 ,,0.71 ,0.04 ,1.77 ,0 ,1 ,0 ,1 ,0 ,0 ,0 ,0 ,0 
794,111110,호전실업,7.67 ,5.70 ,,0.76 ,0.10 ,2.44 ,1 ,1 ,0 ,0 ,0 ,1 ,0 ,0 ,0 
795,008770,호텔신라,111.82 ,-56.47 ,47.00 ,4.97 ,0.04 ,0.26 ,0 ,0 ,0 ,0 ,1 ,0 ,0 ,0 ,0 
796,002460,화성산업,9.50 ,7.37 ,,0.66 ,0.07 ,4.39 ,1 ,1 ,0 ,0 ,0 ,1 ,0 ,0 ,0 
797,378850,화승알앤에이,11.88 ,12.87 ,,1.35 ,0.11 ,0.58 ,0 ,0 ,0 ,1 ,0 ,0 ,0 ,0 ,0 
798,241590,화승엔터프라이즈,,4.79 ,16.00 ,1.79 ,,0.28 ,0 ,0 ,0 ,0 ,0 ,0 ,0 ,0 ,0 
799,006060,화승인더,,4.79 ,,0.83 ,,3.34 ,0 ,1 ,0 ,0 ,0 ,1 ,0 ,0 ,0 
800,013520,화승코퍼레이션,,12.87 ,,0.53 ,,1.46 ,0 ,1 ,0 ,0 ,0 ,0 ,0 ,0 ,0 
801,010690,화신,13.09 ,12.77 ,,1.04 ,0.08 ,0.77 ,0 ,0 ,0 ,0 ,0 ,0 ,0 ,0 ,0 
802,133820,화인베스틸,37.06 ,4.14 ,,1.10 ,0.03 ,,0 ,0 ,0 ,0 ,0 ,0 ,0 ,0 ,0 
803,010660,화천기계,13.24 ,18.96 ,,0.51 ,0.04 ,0.31 ,0 ,1 ,0 ,1 ,0 ,0 ,0 ,0 ,0 
804,000850,화천기공,8.39 ,18.96 ,,0.25 ,0.03 ,2.82 ,1 ,1 ,0 ,1 ,0 ,1 ,0 ,0 ,0 
805,016580,환인제약,12.59 ,80.19 ,,0.81 ,0.06 ,1.77 ,0 ,1 ,0 ,1 ,0 ,0 ,0 ,0 ,0 
806,032560,황금에스티,4.40 ,9.58 ,,0.51 ,0.12 ,2.06 ,1 ,1 ,1 ,1 ,0 ,1 ,1 ,1 ,0 
807,004800,효성,3.97 ,7.92 ,6.00 ,0.63 ,0.16 ,7.88 ,1 ,1 ,1 ,1 ,0 ,1 ,1 ,1 ,0 
808,094280,효성ITX,14.51 ,16.56 ,,1.94 ,0.13 ,4.46 ,0 ,0 ,1 ,1 ,0 ,1 ,0 ,0 ,0 
809,298040,효성중공업,9.76 ,20.95 ,8.00 ,0.60 ,0.06 ,,1 ,1 ,0 ,1 ,1 ,0 ,0 ,0 ,0 
810,298050,효성첨단소재,8.35 ,8.48 ,9.00 ,3.45 ,0.41 ,2.14 ,1 ,0 ,1 ,1 ,0 ,1 ,0 ,0 ,0 
811,298020,효성티앤씨,2.08 ,5.70 ,4.00 ,1.13 ,0.54 ,13.48 ,1 ,0 ,1 ,1 ,0 ,1 ,0 ,0 ,0 
812,298000,효성화학,9.26 ,8.48 ,6.00 ,1.30 ,0.14 ,,1 ,0 ,1 ,0 ,1 ,0 ,0 ,0 ,0 
813,093370,후성,99.18 ,8.54 ,,9.03 ,0.09 ,0.06 ,0 ,0 ,0 ,0 ,0 ,0 ,0 ,0 ,0 
814,081660,휠라홀딩스,8.50 ,4.79 ,7.00 ,1.15 ,0.14 ,3.16 ,1 ,0 ,1 ,0 ,1 ,1 ,0 ,0 ,0 
815,005870,휴니드,9.88 ,31.16 ,,0.90 ,0.09 ,,1 ,1 ,0 ,1 ,0 ,0 ,0 ,0 ,0 
816,079980,휴비스,,4.79 ,,0.52 ,,4.20 ,0 ,1 ,0 ,0 ,0 ,1 ,0 ,0 ,0 
817,005010,휴스틸,4.68 ,4.14 ,,0.29 ,0.06 ,3.46 ,1 ,1 ,0 ,0 ,0 ,1 ,0 ,0 ,0 
818,000540,흥국화재,3.89 ,6.72 ,,0.35 ,0.09 ,,1 ,1 ,0 ,1 ,0 ,0 ,0 ,0 ,0 
819,003280,흥아해운,25.08 ,3.33 ,,6.92 ,0.28 ,,0 ,0 ,1 ,0 ,0 ,0 ,0 ,0 ,0 
